base_angular_velocity_norm_rad_s,bounded_saturation_fraction,command_norm,command_vx_mps,command_vy_mps,command_yaw_rad_s,joint_posture_max_rad,joint_posture_rms_rad,joint_tracking_error_abs_max_rad,joint_tracking_error_abs_mean_rad,joint_velocity_limit_fraction,monotonic_s,policy_phase_cosine,policy_phase_debug_fraction,policy_phase_episode,policy_phase_first_swing_left,policy_phase_fraction,policy_phase_fraction_debug_abs_error,policy_phase_mode_code,policy_phase_moving,policy_phase_observation_debug_abs_error,policy_phase_sine,policy_phase_successful_tick,policy_phase_unit_circle_error,projected_gravity_x,projected_gravity_y,projected_gravity_z,raw_action_clip_fraction,raw_action_excess_fraction,raw_action_max,raw_action_mean_abs,raw_action_min,raw_action_std,standing_command,standing_near_default_observable,standing_quiet_yaw_observable,standing_upright_observable,target_clip_abs_max_rad,target_clip_abs_mean_rad,target_limit_fraction,target_residual_abs_max_rad,target_residual_abs_mean_rad
0.003204463095157058,0.5833333333333334,0.0,0.0,0.0,0.0,0.008368894457817078,0.005141600214058448,,,,2377.250591121,1.0,0.0,1,False,0.0,0.0,4,False,0.0,0.0,100,0.0,0.18642956018447876,-0.03612728416919708,-0.9818038940429688,0.5833333333333334,0.5833333333333334,2.7812705039978027,1.4224935006350279,-2.7797274589538574,1.7131179499477718,True,True,True,True,0.10324270650744438,0.009024756339689096,0.16666666666666666,0.5800000476837158,0.2718134183405588
0.003108254822921461,0.5833333333333334,0.0,0.0,0.0,0.0,0.008368894457817078,0.005141600214058448,0.5756698670142598,0.268968027748461,0.0,2377.270645252,1.0,0.0,1,False,0.0,0.0,4,False,0.0,0.0,101,0.0,0.18692904710769653,-0.03362474963068962,-0.9817978143692017,0.5833333333333334,0.5833333333333334,2.783357620239258,1.419212051667273,-2.787985324859619,1.7142589219524036,True,True,True,True,0.10324270650744438,0.008931159662703672,0.16666666666666666,0.5800000476837158,0.26933860205734766
0.0027163575950903233,0.5833333333333334,0.0,0.0,0.0,0.0,0.008368894457817078,0.005141600214058448,0.5756698670142598,0.2692395980739797,0.0,2377.290402488,1.0,0.0,1,False,0.0,0.0,4,False,0.0,0.0,102,0.0,0.18735064566135406,-0.035159945487976074,-0.9816636443138123,0.5833333333333334,0.5833333333333334,2.786738395690918,1.4164533857256174,-2.7860937118530273,1.7116862356483111,True,True,True,True,0.10324270650744438,0.009007957763969898,0.16666666666666666,0.5800000476837158,0.26961017238286633
0.0029800969993328363,0.5833333333333334,0.0,0.0,0.0,0.0,0.008368894457817078,0.005141600214058448,0.5756698670142598,0.26926890578647006,0.0,2377.310316921,1.0,0.0,1,False,0.0,0.0,4,False,0.0,0.0,103,0.0,0.18491938710212708,-0.034641578793525696,-0.9821429252624512,0.5833333333333334,0.5833333333333334,2.7789340019226074,1.416890425607562,-2.7802071571350098,1.7099154083109307,True,True,True,True,0.10324270650744438,0.009003121716280779,0.16666666666666666,0.5800000476837158,0.2696394800953567
0.0024447676035395543,0.5833333333333334,0.0,0.0,0.0,0.0,0.008368894457817078,0.005141600214058448,0.5756698670142598,0.26919147046653724,0.0,2377.330005037,1.0,0.0,1,False,0.0,0.0,4,False,0.0,0.0,104,0.0,0.1871059536933899,-0.034872867166996,-0.9817205667495728,0.5833333333333334,0.5833333333333334,2.7870121002197266,1.4176664498324196,-2.787423849105835,1.7128284751316663,True,True,True,True,0.10324270650744438,0.008965415569643179,0.16666666666666666,0.5800000476837158,0.2695620447754239
0.001718799144799065,0.5833333333333334,0.0,0.0,0.0,0.0,0.008368894457817078,0.005141600214058448,0.5756698670142598,0.2690934116290713,0.0,2377.350057418,1.0,0.0,1,False,0.0,0.0,4,False,0.0,0.0,105,0.0,0.1844700574874878,-0.034529585391283035,-0.9822313785552979,0.5833333333333334,0.5833333333333334,2.7785184383392334,1.4163410893330972,-2.7800159454345703,1.7093419978726312,True,True,True,True,0.10324270650744438,0.008963417572279772,0.16666666666666666,0.5800000476837158,0.26946398593795795
0.0021377876629606486,0.5833333333333334,0.0,0.0,0.0,0.0,0.008368894457817078,0.005141600214058448,0.5756698670142598,0.2701569842599784,0.0,2377.37023929,1.0,0.0,1,False,0.0,0.0,4,False,0.0,0.0,106,0.0,0.18539287149906158,-0.035673752427101135,-0.9820167422294617,0.5833333333333334,0.5833333333333334,2.781707525253296,1.4185836464166641,-2.7808780670166016,1.7106203552605077,True,True,True,True,0.10324270650744438,0.008985104349752268,0.16666666666666666,0.5800000476837158,0.27052755856886507
0.003343151094338778,0.5833333333333334,0.0,0.0,0.0,0.0,0.008368894457817078,0.005141600214058448,0.5756698670142598,0.27059677782994557,0.0,2377.39008927,1.0,0.0,1,False,0.0,0.0,4,False,0.0,0.0,107,0.0,0.18598932027816772,-0.035556577146053314,-0.9819082021713257,0.5833333333333334,0.5833333333333334,2.78196120262146,1.4206383600831032,-2.781564474105835,1.7126740567093943,True,True,True,True,0.10324270650744438,0.008983154160281023,0.16666666666666666,0.5800000476837158,0.2709673521388322
0.004062036587670984,0.5833333333333334,0.0,0.0,0.0,0.0,0.008368894457817078,0.005141600214058448,0.5756698670142598,0.2710480598071421,0.0,2377.411271488,1.0,0.0,1,False,0.0,0.0,4,False,0.0,0.0,108,0.0,0.18572914600372314,-0.03578133136034012,-0.9819492697715759,0.5833333333333334,0.5833333333333334,2.7782046794891357,1.4212517105042934,-2.7788190841674805,1.711877212915051,True,True,True,True,0.10324270650744438,0.009057456317047278,0.16666666666666666,0.5800000476837158,0.27141863411602873
0.004223640946124546,0.5833333333333334,0.0,0.0,0.0,0.0,0.008368894457817078,0.005141600214058448,0.5756698670142598,0.27267895914829815,0.0,2377.430160788,1.0,0.0,1,False,0.0,0.0,4,False,0.0,0.0,109,0.0,0.1864881068468094,-0.037233199924230576,-0.9817514419555664,0.5833333333333334,0.5833333333333334,2.7804884910583496,1.4244440452506144,-2.7750637531280518,1.7128631549974318,True,True,True,True,0.10324270650744438,0.009057676730056604,0.16666666666666666,0.5800000476837158,0.2730495334571848
0.003947867680821169,0.5833333333333334,0.0,0.0,0.0,0.0,0.008368894457817078,0.005141600214058448,0.5756698670142598,0.27102520429744864,0.0,2377.453459186,1.0,0.0,1,False,0.0,0.0,4,False,0.0,0.0,110,0.0,0.18709687888622284,-0.03499435633420944,-0.9817179441452026,0.5833333333333334,0.5833333333333334,2.7805843353271484,1.4239954085399706,-2.783534288406372,1.7157315224860135,True,True,True,True,0.10324270650744438,0.008987116006513437,0.16666666666666666,0.5800000476837158,0.2713957786063353
0.0031949359920693927,0.5833333333333334,0.0,0.0,0.0,0.0,0.008368894457817078,0.005141600214058448,0.5756698670142598,0.2728083242000843,0.0,2377.47356494,1.0,0.0,1,False,0.0,0.0,4,False,0.0,0.0,111,0.0,0.18718427419662476,-0.03754804655909538,-0.9816069602966309,0.5833333333333334,0.5833333333333334,2.7821271419525146,1.4242423630009096,-2.775775671005249,1.713054083753946,True,True,True,True,0.10324270650744438,0.009064585280915102,0.16666666666666666,0.5800000476837158,0.2731788985089709
0.00435416563045664,0.5833333333333334,0.0,0.0,0.0,0.0,0.008368894457817078,0.005141600214058448,0.5756698670142598,0.27364397472296703,0.0,2377.493379924,1.0,0.0,1,False,0.0,0.0,4,False,0.0,0.0,112,0.0,0.18537375330924988,-0.03731229528784752,-0.9819594621658325,0.5833333333333334,0.5833333333333334,2.772686719894409,1.4274162283788125,-2.769904136657715,1.7130412518749623,True,True,True,True,0.10324270650744438,0.00908082320044438,0.16666666666666666,0.5800000476837158,0.2740145490318537
0.0015411319537343856,0.5833333333333334,0.0,0.0,0.0,0.0,0.008368894457817078,0.005141600214058448,0.5756698670142598,0.27071690253197694,0.0,2377.513228446,1.0,0.0,1,False,0.0,0.0,4,False,0.0,0.0,113,0.0,0.18468929827213287,-0.034236710518598557,-0.9822004437446594,0.5833333333333334,0.5833333333333334,2.772979497909546,1.4234136082231998,-2.780029296875,1.7138473366135656,True,True,True,True,0.10324270650744438,0.008902199876805147,0.16666666666666666,0.5800000476837158,0.2710874768408636
0.003955778637714022,0.5833333333333334,0.0,0.0,0.0,0.0,0.008368894457817078,0.005141600214058448,0.5756698670142598,0.2705594358304346,0.0,2377.533729672,1.0,0.0,1,False,0.0,0.0,4,False,0.0,0.0,114,0.0,0.18550866842269897,-0.03544556349515915,-0.9820031523704529,0.5833333333333334,0.5833333333333334,2.777451276779175,1.4195833647002776,-2.7801733016967773,1.7103938564965735,True,True,True,True,0.10324270650744438,0.009047357675929865,0.16666666666666666,0.5800000476837158,0.2709300101393213
0.003314269235912668,0.5833333333333334,0.0,0.0,0.0,0.0,0.008368894457817078,0.005141600214058448,0.5756698670142598,0.2703695327158227,0.0,2377.553132268,1.0,0.0,1,False,0.0,0.0,4,False,0.0,0.0,115,0.0,0.18541206419467926,-0.035461749881505966,-0.9820207953453064,0.5833333333333334,0.5833333333333334,2.7768495082855225,1.4188727376361687,-2.7776992321014404,1.7100216290165893,True,True,True,True,0.10324270650744438,0.009049455635249615,0.16666666666666666,0.5800000476837158,0.27074010702470935
0.0016631519891686355,0.5833333333333334,0.0,0.0,0.0,0.0,0.008368894457817078,0.005141600214058448,0.5756698670142598,0.27156353660764343,0.0,2377.57362037,1.0,0.0,1,False,0.0,0.0,4,False,0.0,0.0,116,0.0,0.18588420748710632,-0.03663978725671768,-0.9818882942199707,0.5833333333333334,0.5833333333333334,2.780630111694336,1.4218097316722076,-2.7769978046417236,1.7119300638216755,True,True,True,True,0.10324270650744438,0.008997484110295773,0.16666666666666666,0.5800000476837158,0.2719341109165301
0.0032913664305895558,0.5833333333333334,0.0,0.0,0.0,0.0,0.008368894457817078,0.005141600214058448,0.5756698670142598,0.270600750541608,0.0,2377.593156832,1.0,0.0,1,False,0.0,0.0,4,False,0.0,0.0,117,0.0,0.18668876588344574,-0.035000283271074295,-0.9817954301834106,0.5833333333333334,0.5833333333333334,2.7823386192321777,1.4225598586102326,-2.7840404510498047,1.714699603881884,True,True,True,True,0.10324270650744438,0.008958287226657072,0.16666666666666666,0.5800000476837158,0.27097132485049463
0.0029322117578572146,0.5833333333333334,0.0,0.0,0.0,0.0,0.008368894457817078,0.005141600214058448,0.5756698670142598,0.2711693041141286,0.0,2377.61324742,1.0,0.0,1,False,0.0,0.0,4,False,0.0,0.0,118,0.0,0.18667273223400116,-0.03613095358014107,-0.9817575216293335,0.5833333333333334,0.5833333333333334,2.781752347946167,1.42119585412244,-2.7799315452575684,1.7123696637719614,True,True,True,True,0.10324270650744438,0.009029732085764408,0.16666666666666666,0.5800000476837158,0.27153987842301525
0.0022641156101227623,0.5833333333333334,0.0,0.0,0.0,0.0,0.008368894457817078,0.005141600214058448,0.5756698670142598,0.2735673121291354,0.0,2377.633122191,1.0,0.0,1,False,0.0,0.0,4,False,0.0,0.0,119,0.0,0.18689477443695068,-0.03815702348947525,-0.9816386103630066,0.5833333333333334,0.5833333333333334,2.781480550765991,1.4262178235997756,-2.773381233215332,1.7138995689842949,True,True,True,True,0.10324270650744438,0.009047493649025759,0.16666666666666666,0.5800000476837158,0.273937886438022
0.0025857125300294266,0.5833333333333334,0.0,0.0,0.0,0.0,0.008368894457817078,0.005141600214058448,0.5756698670142598,0.2737573463273997,0.0,2377.653167574,1.0,0.0,1,False,0.0,0.0,4,False,0.0,0.0,120,0.0,0.18592672049999237,-0.03702101111412048,-0.9818659424781799,0.5833333333333334,0.5833333333333334,2.7756145000457764,1.4294785509506862,-2.7737953662872314,1.7161078211870067,True,True,True,True,0.10324270650744438,0.008993968678017458,0.16666666666666666,0.5800000476837158,0.2741279206362863
0.002223457924694987,0.5833333333333334,0.0,0.0,0.0,0.0,0.008368894457817078,0.005141600214058448,0.5756698670142598,0.27328303972785223,0.0,2377.673251163,1.0,0.0,1,False,0.0,0.0,4,False,0.0,0.0,121,0.0,0.18514502048492432,-0.03648809716105461,-0.9820335507392883,0.5833333333333334,0.5833333333333334,2.7733771800994873,1.4280380755662918,-2.773805618286133,1.714570357445702,True,True,True,True,0.10324270650744438,0.008973654049138228,0.16666666666666666,0.5800000476837158,0.2736536140367389
0.003826354571056348,0.5833333333333334,0.0,0.0,0.0,0.0,0.008368894457817078,0.005141600214058448,0.5756698670142598,0.27107208831761825,0.0,2377.693379957,1.0,0.0,1,False,0.0,0.0,4,False,0.0,0.0,122,0.0,0.18628038465976715,-0.03467207029461861,-0.9818846583366394,0.5833333333333334,0.5833333333333334,2.7779242992401123,1.424055339768529,-2.7829878330230713,1.7148549907851822,True,True,True,True,0.10324270650744438,0.008965321195622286,0.16666666666666666,0.5800000476837158,0.2714426626265049
0.004831663576897567,0.5833333333333334,0.0,0.0,0.0,0.0,0.008368894457817078,0.005141600214058448,0.5756698670142598,0.26877558937977547,0.0,2377.713030744,1.0,0.0,1,False,0.0,0.0,4,False,0.0,0.0,123,0.0,0.18540062010288239,-0.03353748470544815,-0.9820905327796936,0.5833333333333334,0.5833333333333334,2.776341199874878,1.416491873562336,-2.7833783626556396,1.7098586632396393,True,True,True,True,0.10324270650744438,0.009032612356046835,0.16666666666666666,0.5800000476837158,0.2691461636886621
0.0026900504362241087,0.5833333333333334,0.0,0.0,0.0,0.0,0.008368894457817078,0.005141600214058448,0.5756698670142598,0.2685900576993033,0.0,2377.733036463,1.0,0.0,1,False,0.0,0.0,4,False,0.0,0.0,124,0.0,0.18563847243785858,-0.03467393293976784,-0.9820061326026917,0.5833333333333334,0.5833333333333334,2.7809054851531982,1.413872782451411,-2.7822349071502686,1.7082927532137817,True,True,True,True,0.10324270650744438,0.009027262839178244,0.16666666666666666,0.5800000476837158,0.2689606320081899
0.0018124352543466896,0.5833333333333334,0.0,0.0,0.0,0.0,0.008368894457817078,0.005141600214058448,0.5756698670142598,0.2690907939141447,0.0,2377.753196463,1.0,0.0,1,False,0.0,0.0,4,False,0.0,0.0,125,0.0,0.1857764720916748,-0.035094283521175385,-0.9819651246070862,0.5833333333333334,0.5833333333333334,2.7830114364624023,1.416005657054484,-2.7829384803771973,1.71041456636878,True,True,True,True,0.10324270650744438,0.008984108455479145,0.16666666666666666,0.5800000476837158,0.26946136822303135
0.0028423280643634064,0.5833333333333334,0.0,0.0,0.0,0.0,0.008368894457817078,0.005141600214058448,0.5756698670142598,0.2701595154395158,0.0,2377.773571406,1.0,0.0,1,False,0.0,0.0,4,False,0.0,0.0,126,0.0,0.18673090636730194,-0.03579343855381012,-0.9817588329315186,0.5833333333333334,0.5833333333333334,2.7848193645477295,1.4190697216739256,-2.782930612564087,1.7121970522547496,True,True,True,True,0.10324270650744438,0.009019265261789164,0.16666666666666666,0.5800000476837158,0.2705300897484024
0.0037421195408707322,0.5833333333333334,0.0,0.0,0.0,0.0,0.008368894457817078,0.005141600214058448,0.5756698670142598,0.2707259670169855,0.0,2377.79321986,1.0,0.0,1,False,0.0,0.0,4,False,0.0,0.0,127,0.0,0.1850317418575287,-0.035642459988594055,-0.9820860028266907,0.5833333333333334,0.5833333333333334,2.776844024658203,1.4200839189191659,-2.7766757011413574,1.710385526990876,True,True,True,True,0.10324270650744438,0.009047570638358593,0.16666666666666666,0.5800000476837158,0.27109654132587213
0.002882287393969134,0.5833333333333334,0.0,0.0,0.0,0.0,0.008368894457817078,0.005141600214058448,0.5756698670142598,0.2694600452317997,0.0,2377.813048259,1.0,0.0,1,False,0.0,0.0,4,False,0.0,0.0,128,0.0,0.18561138212680817,-0.03430898115038872,-0.982024073600769,0.5833333333333334,0.5833333333333334,2.7807140350341797,1.4189834489176671,-2.7839040756225586,1.712222760564602,True,True,True,True,0.10324270650744438,0.008933857393761476,0.16666666666666666,0.5800000476837158,0.2698306195406864
0.002453846812935798,0.5833333333333334,0.0,0.0,0.0,0.0,0.008368894457817078,0.005141600214058448,0.5756698670142598,0.27073325632355655,0.0,2377.831810402,1.0,0.0,1,False,0.0,0.0,4,False,0.0,0.0,128,0.0,0.18463116884231567,-0.035985831171274185,-0.9821488261222839,0.5833333333333334,0.5833333333333334,2.7773730754852295,1.418900914490223,-2.776531457901001,1.7091491335967073,True,True,True,True,0.10324270650744438,0.009032411190370718,0.16666666666666666,0.5800000476837158,0.2711038306324432
0.002582836957541975,0.5833333333333334,0.0,0.0,0.0,0.0,0.008368894457817078,0.005141600214058448,0.5756698670142598,0.2709768066452647,0.0,2377.853110445,1.0,0.0,1,False,0.0,0.0,4,False,0.0,0.0,130,0.0,0.18536625802516937,-0.03581138700246811,-0.9820167422294617,0.5833333333333334,0.5833333333333334,2.777719020843506,1.4211543252070744,-2.778179883956909,1.7116459968971256,True,True,True,True,0.10324270650744438,0.009015110942224661,0.16666666666666666,0.5800000476837158,0.27134738095415134
0.0029277077872246686,0.5833333333333334,0.0,0.0,0.0,0.0,0.008368894457817078,0.005141600214058448,0.5756698670142598,0.26898677752258426,0.0,2377.873355314,1.0,0.0,1,False,0.0,0.0,4,False,0.0,0.0,131,0.0,0.1850971281528473,-0.03369652479887009,-0.9821423292160034,0.5833333333333334,0.5833333333333334,2.7777700424194336,1.4180621361980836,-2.783994197845459,1.7115341353303122,True,True,True,True,0.10324270650744438,0.008954729574422041,0.16666666666666666,0.5800000476837158,0.2693573518314709
0.00217517266368893,0.5833333333333334,0.0,0.0,0.0,0.0,0.008368894457817078,0.005141600214058448,0.5756698670142598,0.2708021533945406,0.0,2377.893326619,1.0,0.0,1,False,0.0,0.0,4,False,0.0,0.0,132,0.0,0.18441258370876312,-0.036368150264024734,-0.9821758270263672,0.5833333333333334,0.5833333333333334,2.7768776416778564,1.4179734208931525,-2.77466082572937,1.7078902175332256,True,True,True,True,0.10324270650744438,0.009050839580595493,0.16666666666666666,0.5800000476837158,0.27117272770342726
0.003660895125642493,0.5833333333333334,0.0,0.0,0.0,0.0,0.008368894457817078,0.005141600214058448,0.5756698670142598,0.27100667656614924,0.0,2377.913023194,1.0,0.0,1,False,0.0,0.0,4,False,0.0,0.0,133,0.0,0.18410401046276093,-0.03569886088371277,-0.9822582602500916,0.5833333333333334,0.5833333333333334,2.771820306777954,1.4206682691971462,-2.775029420852661,1.7099855573833365,True,True,True,True,0.10324270650744438,0.009068787408371767,0.16666666666666666,0.5800000476837158,0.2713772508750359
0.002546931419988139,0.5833333333333334,0.0,0.0,0.0,0.0,0.008368894457817078,0.005141600214058448,0.5756698670142598,0.27120503826282466,0.0,2377.931859415,1.0,0.0,1,False,0.0,0.0,4,False,0.0,0.0,133,0.0,0.186200812458992,-0.036085791885852814,-0.9818487763404846,0.5833333333333334,0.5833333333333334,2.780506134033203,1.4218084315458934,-2.779252290725708,1.7125277986326026,True,True,True,True,0.10324270650744438,0.008999285288155079,0.16666666666666666,0.5800000476837158,0.2715756125717113
0.0048391498540797445,0.5833333333333334,0.0,0.0,0.0,0.0,0.008368894457817078,0.005141600214058448,0.5756698670142598,0.2714533294044887,0.0,2377.951894591,1.0,0.0,1,False,0.0,0.0,4,False,0.0,0.0,134,0.0,0.18551787734031677,-0.03583914041519165,-0.9819871187210083,0.5833333333333334,0.5833333333333334,2.776207208633423,1.4222483430057764,-2.777355194091797,1.711729991706107,True,True,True,True,0.10324270650744438,0.009076034339765707,0.16666666666666666,0.5800000476837158,0.27182390371337534
0.0033093349309432658,0.5833333333333334,0.0,0.0,0.0,0.0,0.008368894457817078,0.005141600214058448,0.5756698670142598,0.2692772537739778,0.0,2377.973324999,1.0,0.0,1,False,0.0,0.0,4,False,0.0,0.0,136,0.0,0.18578988313674927,-0.03401418775320053,-0.9820005893707275,0.5833333333333334,0.5833333333333334,2.778411865234375,1.4186034662028153,-2.783207416534424,1.7118626007137296,True,True,True,True,0.10324270650744438,0.008971356165905794,0.16666666666666666,0.5800000476837158,0.26964782808286447
0.0015298401525118768,0.5833333333333334,0.0,0.0,0.0,0.0,0.008368894457817078,0.005141600214058448,0.5756698670142598,0.26978565337662447,0.0,2377.993113734,1.0,0.0,1,False,0.0,0.0,4,False,0.0,0.0,137,0.0,0.18565045297145844,-0.035411957651376724,-0.9819775223731995,0.5833333333333334,0.5833333333333334,2.7817726135253906,1.4172848276793957,-2.7813563346862793,1.710240518224339,True,True,True,True,0.10324270650744438,0.00898413018633922,0.16666666666666666,0.5800000476837158,0.2701562276855111
0.002410057728407306,0.5833333333333334,0.0,0.0,0.0,0.0,0.008368894457817078,0.005141600214058448,0.5756698670142598,0.27002843590048003,0.0,2378.013157951,1.0,0.0,1,False,0.0,0.0,4,False,0.0,0.0,138,0.0,0.1855928599834442,-0.03523237258195877,-0.9819948673248291,0.5833333333333334,0.5833333333333334,2.7809438705444336,1.4191526000698407,-2.781263828277588,1.7115113429379685,True,True,True,True,0.10324270650744438,0.008986619922022024,0.16666666666666666,0.5800000476837158,0.2703990102093667
0.0030885239876631927,0.5833333333333334,0.0,0.0,0.0,0.0,0.008368894457817078,0.005141600214058448,0.5756698670142598,0.27120810177082366,0.0,2378.033550976,1.0,0.0,1,False,0.0,0.0,4,False,0.0,0.0,139,0.0,0.18655399978160858,-0.03635463863611221,-0.9817718267440796,0.5833333333333334,0.5833333333333334,2.78226637840271,1.4211791101843119,-2.779937744140625,1.712329602673146,True,True,True,True,0.10324270650744438,0.009041265584528446,0.16666666666666666,0.5800000476837158,0.2715786760797103
0.002360942373939641,0.5833333333333334,0.0,0.0,0.0,0.0,0.008368894457817078,0.005141600214058448,0.5756698670142598,0.2712978800252532,0.0,2378.053126227,1.0,0.0,1,False,0.0,0.0,4,False,0.0,0.0,140,0.0,0.18533432483673096,-0.035803355276584625,-0.9820230603218079,0.5833333333333334,0.5833333333333334,2.7773399353027344,1.422316546862324,-2.777013063430786,1.712405633597194,True,True,True,True,0.10324270650744438,0.00899562519043684,0.16666666666666666,0.5800000476837158,0.27166845433413983
0.0025426289699826453,0.5833333333333334,0.0,0.0,0.0,0.0,0.008368894457817078,0.005141600214058448,0.5756698670142598,0.27135010836240697,0.0,2378.07183704,1.0,0.0,1,False,0.0,0.0,4,False,0.0,0.0,140,0.0,0.18380118906497955,-0.03562016412615776,-0.9823178648948669,0.5833333333333334,0.5833333333333334,2.7720553874969482,1.4219437253971894,-2.774669647216797,1.7105285754056296,True,True,True,True,0.10324270650744438,0.009009769496818384,0.16666666666666666,0.5800000476837158,0.2717206826712936
0.00274128344349102,0.5833333333333334,0.0,0.0,0.0,0.0,0.008368894457817078,0.005141600214058448,0.5756698670142598,0.2701993529954756,0.0,2378.09323945,1.0,0.0,1,False,0.0,0.0,4,False,0.0,0.0,142,0.0,0.18415933847427368,-0.03464384377002716,-0.9822856783866882,0.5833333333333334,0.5833333333333334,2.773580312728882,1.419870683302482,-2.779055118560791,1.710593676161932,True,True,True,True,0.10324270650744438,0.008985067096849283,0.16666666666666666,0.5800000476837158,0.27056992730436225
0.0035895959368676743,0.5833333333333334,0.0,0.0,0.0,0.0,0.008368894457817078,0.005141600214058448,0.5756698670142598,0.269688937467506,0.0,2378.113205214,1.0,0.0,1,False,0.0,0.0,4,False,0.0,0.0,143,0.0,0.1854320615530014,-0.034967947751283646,-0.9820347428321838,0.5833333333333334,0.5833333333333334,2.7776217460632324,1.4175496591875951,-2.781567096710205,1.710190332253655,True,True,True,True,0.10324270650744438,0.009042452710370222,0.16666666666666666,0.5800000476837158,0.27005951177639265
0.002892020309412294,0.5833333333333334,0.0,0.0,0.0,0.0,0.008368894457817078,0.005141600214058448,0.5756698670142598,0.26954014688945854,0.0,2378.133004157,1.0,0.0,1,False,0.0,0.0,4,False,0.0,0.0,144,0.0,0.18503893911838531,-0.03502681851387024,-0.9821067452430725,0.5833333333333334,0.5833333333333334,2.777395725250244,1.4168887821336587,-2.7794439792633057,1.709556281797897,True,True,True,True,0.10324270650744438,0.009030656578640142,0.16666666666666666,0.5800000476837158,0.2699107211983452
0.003276598542303851,0.5833333333333334,0.0,0.0,0.0,0.0,0.008368894457817078,0.005141600214058448,0.5756698670142598,0.2686520742755214,0.0,2378.151782632,1.0,0.0,1,False,0.0,0.0,4,False,0.0,0.0,144,0.0,0.18563704192638397,-0.03425664082169533,-0.9820210933685303,0.5833333333333334,0.5833333333333334,2.780613660812378,1.4160752799361944,-2.7842485904693604,1.710472864582279,True,True,True,True,0.10324270650744438,0.008992348176737627,0.16666666666666666,0.5800000476837158,0.26902264858440805
0.0030499244262928156,0.5833333333333334,0.0,0.0,0.0,0.0,0.008368894457817078,0.005141600214058448,0.5756698670142598,0.2703847429985011,0.0,2378.173472605,1.0,0.0,1,False,0.0,0.0,4,False,0.0,0.0,146,0.0,0.18567778170108795,-0.03625998646020889,-0.9819414615631104,0.5833333333333334,0.5833333333333334,2.780385732650757,1.4174647231896718,-2.7780990600585938,1.7090773690603311,True,True,True,True,0.10324270650744438,0.009080054548879465,0.16666666666666666,0.5800000476837158,0.2707553173073878
0.0025939363763940377,0.5833333333333334,0.0,0.0,0.0,0.0,0.008368894457817078,0.005141600214058448,0.5756698670142598,0.2700596856533691,0.0,2378.191871357,1.0,0.0,1,False,0.0,0.0,4,False,0.0,0.0,146,0.0,0.18469206988811493,-0.035007964819669724,-0.9821727275848389,0.5833333333333334,0.5833333333333334,2.7764265537261963,1.4192747045308352,-2.7782835960388184,1.710637672691961,True,True,True,True,0.10324270650744438,0.00899535696953535,0.16666666666666666,0.5800000476837158,0.2704302599622557
0.002649028424659465,0.5833333333333334,0.0,0.0,0.0,0.0,0.008368894457817078,0.005141600214058448,0.5756698670142598,0.27007189699974704,0.0,2378.212974247,1.0,0.0,1,False,0.0,0.0,4,False,0.0,0.0,148,0.0,0.18567296862602234,-0.0352131649851799,-0.9819804430007935,0.5833333333333334,0.5833333333333334,2.7805278301239014,1.4191405431677897,-2.7822747230529785,1.7115264849033518,True,True,True,True,0.10324270650744438,0.0089933838074406,0.16666666666666666,0.5800000476837158,0.2704424713086337
0.003266663386521091,0.5833333333333334,0.0,0.0,0.0,0.0,0.008368894457817078,0.005141600214058448,0.5756698670142598,0.26975340924286145,0.0,2378.231712475,1.0,0.0,1,False,0.0,0.0,4,False,0.0,0.0,148,0.0,0.18654009699821472,-0.034944839775562286,-0.9818256497383118,0.5833333333333334,0.5833333333333334,2.7833752632141113,1.4188587634513776,-2.784008026123047,1.7123511474540931,True,True,True,True,0.10324270650744438,0.008990862406790257,0.16666666666666666,0.5800000476837158,0.2701239835517481
0.002735424543217904,0.5833333333333334,0.0,0.0,0.0,0.0,0.008368894457817078,0.005141600214058448,0.5756698670142598,0.2696503364750946,0.0,2378.251780899,1.0,0.0,1,False,0.0,0.0,4,False,0.0,0.0,149,0.0,0.18633589148521423,-0.03497970476746559,-0.9818632006645203,0.5833333333333334,0.5833333333333334,2.7833690643310547,1.418315959473451,-2.7832818031311035,1.711841926670147,True,True,True,True,0.10324270650744438,0.008981104629735151,0.16666666666666666,0.5800000476837158,0.27002091078398127
0.002351879504199235,0.5833333333333334,0.0,0.0,0.0,0.0,0.008368894457817078,0.005141600214058448,0.5756698670142598,0.2702918896721507,0.0,2378.27180995,1.0,0.0,1,False,0.0,0.0,4,False,0.0,0.0,150,0.0,0.18481193482875824,-0.03550446406006813,-0.9821323752403259,0.5833333333333334,0.5833333333333334,2.7776834964752197,1.4187349633624156,-2.7779295444488525,1.7099141139947134,True,True,True,True,0.10324270650744438,0.009015916225810846,0.16666666666666666,0.5800000476837158,0.2706624639810373
0.00297802199219569,0.5833333333333334,0.0,0.0,0.0,0.0,0.008368894457817078,0.005141600214058448,0.5756698670142598,0.2689580054369896,0.0,2378.293237733,1.0,0.0,1,False,0.0,0.0,4,False,0.0,0.0,152,0.0,0.18514885008335114,-0.033998291939496994,-0.9821221828460693,0.5833333333333334,0.5833333333333334,2.77850341796875,1.41742931616803,-2.7838714122772217,1.7109877231683053,True,True,True,True,0.10324270650744438,0.008977431493500868,0.16666666666666666,0.5800000476837158,0.26932857974587626
0.003048252067280395,0.5833333333333334,0.0,0.0,0.0,0.0,0.008368894457817078,0.005141600214058448,0.5756698670142598,0.2679352577948612,0.0,2378.311826639,1.0,0.0,1,False,0.0,0.0,4,False,0.0,0.0,152,0.0,0.1867528259754181,-0.03370802104473114,-0.9818284511566162,0.5833333333333334,0.5833333333333334,2.7850852012634277,1.4136010802661378,-2.7892768383026123,1.710735342811331,True,True,True,True,0.10324270650744438,0.008988836469749609,0.16666666666666666,0.5800000476837158,0.2680452032682175
0.0022556098608440818,0.5833333333333334,0.0,0.0,0.0,0.0,0.008368894457817078,0.005141600214058448,0.5756698670142598,0.26780844313114055,0.0,2378.333024314,1.0,0.0,1,False,0.0,0.0,4,False,0.0,0.0,154,0.0,0.18716253340244293,-0.034103743731975555,-0.9817367792129517,0.5833333333333334,0.5833333333333334,2.788878917694092,1.4124395412703354,-2.788802146911621,1.710447115996387,True,True,True,True,0.10324270650744438,0.008976581506431103,0.16666666666666666,0.5800000476837158,0.26785020997126896
0.0019044310230961062,0.5833333333333334,0.0,0.0,0.0,0.0,0.008368894457817078,0.005141600214058448,0.5756698670142598,0.2683333065397868,0.0,2378.35175525,1.0,0.0,1,False,0.0,0.0,4,False,0.0,0.0,154,0.0,0.1852571666240692,-0.034605324268341064,-0.9820805788040161,0.5833333333333334,0.5833333333333334,2.784766435623169,1.4141753104825814,-2.783781051635742,1.709756587442623,True,True,True,True,0.10324270650744438,0.008933136550088724,0.16666666666666666,0.5800000476837158,0.26870388084867347
0.002834866354764877,0.5833333333333334,0.0,0.0,0.0,0.0,0.008368894457817078,0.005141600214058448,0.5756698670142598,0.26792166411354934,0.0,2378.37322853,1.0,0.0,1,False,0.0,0.0,4,False,0.0,0.0,156,0.0,0.1864284723997116,-0.03365999460220337,-0.9818917512893677,0.5833333333333334,0.5833333333333334,2.786431312561035,1.4147375657533605,-2.790524959564209,1.7119011002457225,True,True,True,True,0.10324270650744438,0.008959368181725344,0.16666666666666666,0.5800000476837158,0.2680887209647335
0.0032881637833870885,0.5833333333333334,0.0,0.0,0.0,0.0,0.008368894457817078,0.005141600214058448,0.5756698670142598,0.26817830698935485,0.0,2378.393165423,1.0,0.0,1,False,0.0,0.0,4,False,0.0,0.0,157,0.0,0.18581169843673706,-0.034565478563308716,-0.9819772243499756,0.5833333333333334,0.5833333333333334,2.783005952835083,1.4130603230247896,-2.7836079597473145,1.7083923209764584,True,True,True,True,0.10324270650744438,0.009038546122610569,0.16666666666666666,0.5800000476837158,0.2685488812982415
0.0023454062565836675,0.5833333333333334,0.0,0.0,0.0,0.0,0.008368894457817078,0.005141600214058448,0.5756698670142598,0.2710433834812745,0.0,2378.411772412,1.0,0.0,1,False,0.0,0.0,4,False,0.0,0.0,157,0.0,0.1841915100812912,-0.03690849617123604,-0.9821971654891968,0.5833333333333334,0.5833333333333334,2.776139974594116,1.4179420936852694,-2.7720301151275635,1.7074145005919423,True,True,True,True,0.10324270650744438,0.009094313097496828,0.16666666666666666,0.5800000476837158,0.27141395779016114
0.0009691969010419967,0.5833333333333334,0.0,0.0,0.0,0.0,0.008368894457817078,0.005141600214058448,0.5756698670142598,0.27141943935210056,0.0,2378.431691514,1.0,0.0,1,False,0.0,0.0,4,False,0.0,0.0,158,0.0,0.1856071949005127,-0.036105938255786896,-0.9819604754447937,0.5833333333333334,0.5833333333333334,2.7800798416137695,1.4232995714992285,-2.7788610458374023,1.7137527243752333,True,True,True,True,0.10324270650744438,0.008940947862962881,0.16666666666666666,0.5800000476837158,0.2717900136609872
0.0033219999943184,0.5833333333333334,0.0,0.0,0.0,0.0,0.008368894457817078,0.005141600214058448,0.5756698670142598,0.2699012671401555,0.0,2378.453045513,1.0,0.0,1,False,0.0,0.0,4,False,0.0,0.0,160,0.0,0.1855572611093521,-0.03432730585336685,-0.9820336699485779,0.5833333333333334,0.5833333333333334,2.777904748916626,1.4204942633708317,-2.78385329246521,1.712885296235075,True,True,True,True,0.10324270650744438,0.008981484609345594,0.16666666666666666,0.5800000476837158,0.27027184144904215
0.002772450632323965,0.5833333333333334,0.0,0.0,0.0,0.0,0.008368894457817078,0.005141600214058448,0.5756698670142598,0.27085617825294084,0.0,2378.473191224,1.0,0.0,1,False,0.0,0.0,4,False,0.0,0.0,161,0.0,0.1853112280368805,-0.036155153065919876,-0.982014536857605,0.5833333333333334,0.5833333333333334,2.77762508392334,1.4189775524040062,-2.7763075828552246,1.7094285946310253,True,True,True,True,0.10324270650744438,0.00906078734745582,0.16666666666666666,0.5800000476837158,0.2712267525618275
0.0037988170643902335,0.5833333333333334,0.0,0.0,0.0,0.0,0.008368894457817078,0.005141600214058448,0.5756698670142598,0.27023399703109807,0.0,2378.492976753,1.0,0.0,1,False,0.0,0.0,4,False,0.0,0.0,162,0.0,0.18466122448444366,-0.03508385643362999,-0.9821758270263672,0.5833333333333334,0.5833333333333334,2.7735936641693115,1.419386012479663,-2.777876138687134,1.7103699435607542,True,True,True,True,0.10324270650744438,0.009048903671403727,0.16666666666666666,0.5800000476837158,0.2706045713399847
0.0045284403332252286,0.5833333333333334,0.0,0.0,0.0,0.0,0.008368894457817078,0.005141600214058448,0.5756698670142598,0.26995144183342207,0.0,2378.513079884,1.0,0.0,1,False,0.0,0.0,4,False,0.0,0.0,163,0.0,0.18627963960170746,-0.03540809080004692,-0.9818585515022278,0.5833333333333334,0.5833333333333334,2.7792394161224365,1.4182455769429605,-2.781919479370117,1.7111816800999502,True,True,True,True,0.10324270650744438,0.009064180466036001,0.16666666666666666,0.5800000476837158,0.2703220161423087
0.0023676825610858096,0.5833333333333334,0.0,0.0,0.0,0.0,0.008368894457817078,0.005141600214058448,0.5756698670142598,0.26870893598128903,0.0,2378.532102176,1.0,0.0,1,False,0.0,0.0,4,False,0.0,0.0,163,0.0,0.18693479895591736,-0.03428367152810097,-0.9817739129066467,0.5833333333333334,0.5833333333333334,2.784797430038452,1.4168801273529728,-2.7865169048309326,1.712629535721646,True,True,True,True,0.10324270650744438,0.008958928597470125,0.16666666666666666,0.5800000476837158,0.2690795102901757
0.0024179653525108094,0.5833333333333334,0.0,0.0,0.0,0.0,0.008368894457817078,0.005141600214058448,0.5756698670142598,0.2675741339740944,0.0,2378.551815085,1.0,0.0,1,False,0.0,0.0,4,False,0.0,0.0,164,0.0,0.18597109615802765,-0.03331455960869789,-0.9819902777671814,0.5833333333333334,0.5833333333333334,2.785585641860962,1.414023415495952,-2.788926839828491,1.7111624487007935,True,True,True,True,0.10324270650744438,0.008910489889482657,0.16666666666666666,0.5800000476837158,0.2678873606227959
0.002521039274517684,0.5833333333333334,0.0,0.0,0.0,0.0,0.008368894457817078,0.005141600214058448,0.5756698670142598,0.2688668063723623,0.0,2378.573441772,1.0,0.0,1,False,0.0,0.0,4,False,0.0,0.0,166,0.0,0.18611755967140198,-0.03512696549296379,-0.9818993806838989,0.5833333333333334,0.5833333333333334,2.787181854248047,1.4150998840729396,-2.7847347259521484,1.7100719776880338,True,True,True,True,0.10324270650744438,0.00896607618778944,0.16666666666666666,0.5800000476837158,0.269237380681249
0.002160230273669515,0.5833333333333334,0.0,0.0,0.0,0.0,0.008368894457817078,0.005141600214058448,0.5756698670142598,0.2705597912852173,0.0,2378.591833235,1.0,0.0,1,False,0.0,0.0,4,False,0.0,0.0,166,0.0,0.18546269834041595,-0.036009643226861954,-0.9819912910461426,0.5833333333333334,0.5833333333333334,2.7829360961914062,1.4195816001544397,-2.7795138359069824,1.711470677927959,True,True,True,True,0.10324270650744438,0.008967185703416666,0.16666666666666666,0.5800000476837158,0.27093036559410394
0.0021941454788145316,0.5833333333333334,0.0,0.0,0.0,0.0,0.008368894457817078,0.005141600214058448,0.5756698670142598,0.2712379159675742,0.0,2378.61169605,1.0,0.0,1,False,0.0,0.0,4,False,0.0,0.0,167,0.0,0.1857030689716339,-0.0358848050236702,-0.9819504618644714,0.5833333333333334,0.5833333333333334,2.7809972763061523,1.4226759641120832,-2.7800419330596924,1.7133901947304073,True,True,True,True,0.10324270650744438,0.008965886818865934,0.16666666666666666,0.5800000476837158,0.27160849027646083
0.002442855678194707,0.5833333333333334,0.0,0.0,0.0,0.0,0.008368894457817078,0.005141600214058448,0.5756698670142598,0.2712793125575239,0.0,2378.632934265,1.0,0.0,1,False,0.0,0.0,4,False,0.0,0.0,169,0.0,0.18423393368721008,-0.03553229942917824,-0.9822399616241455,0.5833333333333334,0.5833333333333334,2.7754034996032715,1.4223221720506747,-2.776075839996338,1.7114882372197924,True,True,True,True,0.10324270650744438,0.00895323200772206,0.16666666666666666,0.5800000476837158,0.27164988686641056
0.0035340707208761377,0.5833333333333334,0.0,0.0,0.0,0.0,0.008368894457817078,0.005141600214058448,0.5756698670142598,0.27078904270099646,0.0,2378.651736657,1.0,0.0,1,False,0.0,0.0,4,False,0.0,0.0,169,0.0,0.18454225361347198,-0.03509945794939995,-0.982197642326355,0.5833333333333334,0.5833333333333334,2.7750346660614014,1.4212309221426647,-2.778860330581665,1.7111396698766008,True,True,True,True,0.10324270650744438,0.009000647502640883,0.16666666666666666,0.5800000476837158,0.2711596170098831
0.0029340050348618785,0.5833333333333334,0.0,0.0,0.0,0.0,0.008368894457817078,0.005141600214058448,0.5756698670142598,0.269643023109357,0.0,2378.673157734,1.0,0.0,1,False,0.0,0.0,4,False,0.0,0.0,171,0.0,0.18602077662944794,-0.03461342304944992,-0.9819359183311462,0.5833333333333334,0.5833333333333334,2.780336380004883,1.418579609443744,-2.7835476398468018,1.7117397078360792,True,True,True,True,0.10324270650744438,0.00898662613083919,0.16666666666666666,0.5800000476837158,0.27001359741824366
0.0027720333082332247,0.5833333333333334,0.0,0.0,0.0,0.0,0.008368894457817078,0.005141600214058448,0.5756698670142598,0.2688404076459338,0.0,2378.693219451,1.0,0.0,1,False,0.0,0.0,4,False,0.0,0.0,172,0.0,0.18749067187309265,-0.03448403626680374,-0.9816609025001526,0.5833333333333334,0.5833333333333334,2.7871944904327393,1.4168813098222017,-2.7879936695098877,1.7127301751353725,True,True,True,True,0.10324270650744438,0.008971410182615122,0.16666666666666666,0.5800000476837158,0.26921098195482046
0.002154782575052945,0.5833333333333334,0.0,0.0,0.0,0.0,0.008368894457817078,0.005141600214058448,0.5756698670142598,0.2701394530826389,0.0,2378.713121638,1.0,0.0,1,False,0.0,0.0,4,False,0.0,0.0,173,0.0,0.18737821280956268,-0.0359322652220726,-0.9816304445266724,0.5833333333333334,0.5833333333333334,2.788327217102051,1.418688594053189,-2.783454179763794,1.7126104336570822,True,True,True,True,0.10324270650744438,0.00898121576756239,0.16666666666666666,0.5800000476837158,0.2705100273915256
0.0019404339242032236,0.5833333333333334,0.0,0.0,0.0,0.0,0.008368894457817078,0.005141600214058448,0.5756698670142598,0.2715106649594212,0.0,2378.731616344,1.0,0.0,1,False,0.0,0.0,4,False,0.0,0.0,173,0.0,0.18595834076404572,-0.03638741746544838,-0.9818836450576782,0.5833333333333334,0.5833333333333334,2.7816109657287598,1.4225568349162738,-2.778080701828003,1.7130133515752555,True,True,True,True,0.10324270650744438,0.008990292437374592,0.16666666666666666,0.5800000476837158,0.2718812392683079
0.0017259292048051565,0.5833333333333334,0.0,0.0,0.0,0.0,0.008368894457817078,0.005141600214058448,0.5756698670142598,0.27026073406045187,0.0,2378.752993966,1.0,0.0,1,False,0.0,0.0,4,False,0.0,0.0,175,0.0,0.18649998307228088,-0.034682344645261765,-0.981842577457428,0.5833333333333334,0.5833333333333334,2.7831690311431885,1.4221604280173779,-2.785316228866577,1.715209299433949,True,True,True,True,0.10324270650744438,0.00890051294118166,0.16666666666666666,0.5800000476837158,0.2706313083693385
0.0028498055232215103,0.5833333333333334,0.0,0.0,0.0,0.0,0.008368894457817078,0.005141600214058448,0.5756698670142598,0.2694420709777454,0.0,2378.773557897,1.0,0.0,1,False,0.0,0.0,4,False,0.0,0.0,176,0.0,0.18627022206783295,-0.034396540373563766,-0.9818962812423706,0.5833333333333334,0.5833333333333334,2.7837634086608887,1.418753950856626,-2.7856969833374023,1.7126576046234565,True,True,True,True,0.10324270650744438,0.008938211637238661,0.16666666666666666,0.5800000476837158,0.26981264528663207
0.0026270523921936247,0.5833333333333334,0.0,0.0,0.0,0.0,0.008368894457817078,0.005141600214058448,0.5756698670142598,0.27047642177186454,0.0,2378.793352758,1.0,0.0,1,False,0.0,0.0,4,False,0.0,0.0,177,0.0,0.1864953637123108,-0.03592827171087265,-0.9817986488342285,0.5833333333333334,0.5833333333333334,2.7837226390838623,1.4191948535541694,-2.7810730934143066,1.7114660728422275,True,True,True,True,0.10324270650744438,0.009013810815910498,0.16666666666666666,0.5800000476837158,0.2708469960807512
0.0034923613241739904,0.5833333333333334,0.0,0.0,0.0,0.0,0.008368894457817078,0.005141600214058448,0.5756698670142598,0.26961223459397304,0.0,2378.811713015,1.0,0.0,1,False,0.0,0.0,4,False,0.0,0.0,177,0.0,0.18787728250026703,-0.03472509980201721,-0.9815784692764282,0.5833333333333334,0.5833333333333334,2.787342071533203,1.419876242056489,-2.7876641750335693,1.7146481830655385,True,True,True,True,0.10324270650744438,0.008967827074229717,0.16666666666666666,0.5800000476837158,0.2699828089028597
0.002992989934125392,0.5833333333333334,0.0,0.0,0.0,0.0,0.008368894457817078,0.005141600214058448,0.5756698670142598,0.2702104580858553,0.0,2378.831719319,1.0,0.0,1,False,0.0,0.0,4,False,0.0,0.0,178,0.0,0.1851261407136917,-0.035441186279058456,-0.9820754528045654,0.5833333333333334,0.5833333333333334,2.77799129486084,1.418258981158336,-2.7778518199920654,1.709665217245018,True,True,True,True,0.10324270650744438,0.009040122541288534,0.16666666666666666,0.5800000476837158,0.27058103239474196
0.0038336224383818964,0.5833333333333334,0.0,0.0,0.0,0.0,0.008368894457817078,0.005141600214058448,0.5756698670142598,0.27080955593441475,0.0,2378.851987521,1.0,0.0,1,False,0.0,0.0,4,False,0.0,0.0,179,0.0,0.18654471635818481,-0.03611225634813309,-0.9817825555801392,0.5833333333333334,0.5833333333333334,2.780956506729126,1.420399084687233,-2.7802987098693848,1.7120051841540624,True,True,True,True,0.10324270650744438,0.009052258295317491,0.16666666666666666,0.5800000476837158,0.2711801302433014
0.0021233180302887653,0.5833333333333334,0.0,0.0,0.0,0.0,0.008368894457817078,0.005141600214058448,0.5756698670142598,0.2697617454724217,0.0,2378.873755074,1.0,0.0,1,False,0.0,0.0,4,False,0.0,0.0,181,0.0,0.18407277762889862,-0.03446970134973526,-0.982308030128479,0.5833333333333334,0.5833333333333334,2.7747089862823486,1.4188495750228565,-2.7779741287231445,1.7102143501113243,True,True,True,True,0.10324270650744438,0.008952849544584751,0.16666666666666666,0.5800000476837158,0.27013231978130836
0.0016710693863754222,0.5833333333333334,0.0,0.0,0.0,0.0,0.008368894457817078,0.005141600214058448,0.5756698670142598,0.27027624516032184,0.0,2378.892132829,1.0,0.0,1,False,0.0,0.0,4,False,0.0,0.0,181,0.0,0.18491844832897186,-0.03553173691034317,-0.9821113348007202,0.5833333333333334,0.5833333333333334,2.7786896228790283,1.4188416010389726,-2.7801806926727295,1.7103161934103552,True,True,True,True,0.10324270650744438,0.008989809391399225,0.16666666666666666,0.5800000476837158,0.2706468194692085
0.002550635707604104,0.5833333333333334,0.0,0.0,0.0,0.0,0.008368894457817078,0.005141600214058448,0.5756698670142598,0.268182158396252,0.0,2378.912909953,1.0,0.0,1,False,0.0,0.0,4,False,0.0,0.0,183,0.0,0.1852535754442215,-0.03336203843355179,-0.9821242690086365,0.5833333333333334,0.5833333333333334,2.7794015407562256,1.4159878408536315,-2.7862892150878906,1.7113037664461694,True,True,True,True,0.10324270650744438,0.008941396760443846,0.16666666666666666,0.5800000476837158,0.26855273270513863
0.002091882543198866,0.5833333333333334,0.0,0.0,0.0,0.0,0.008368894457817078,0.005141600214058448,0.5756698670142598,0.26883225989277953,0.0,2378.931590436,1.0,0.0,1,False,0.0,0.0,4,False,0.0,0.0,183,0.0,0.18512015044689178,-0.03494865819811821,-0.9820942282676697,0.5833333333333334,0.5833333333333334,2.780867099761963,1.4143888003503282,-2.7819130420684814,1.708465518661093,True,True,True,True,0.10324270650744438,0.009015400893986225,0.16666666666666666,0.5800000476837158,0.2692028342016662
0.0023095999175096193,0.5833333333333334,0.0,0.0,0.0,0.0,0.008368894457817078,0.005141600214058448,0.5756698670142598,0.26987452545418883,0.0,2378.951682193,1.0,0.0,1,False,0.0,0.0,4,False,0.0,0.0,184,0.0,0.18665535748004913,-0.03564392775297165,-0.981778621673584,0.5833333333333334,0.5833333333333334,2.7864229679107666,1.4184029164413612,-2.783590793609619,1.7122623706576707,True,True,True,True,0.10324270650744438,0.008972884776691595,0.16666666666666666,0.5800000476837158,0.2702450997630755
0.0028502802930801302,0.5833333333333334,0.0,0.0,0.0,0.0,0.008368894457817078,0.005141600214058448,0.5756698670142598,0.2728792867117082,0.0,2378.973192514,1.0,0.0,1,False,0.0,0.0,4,False,0.0,0.0,186,0.0,0.18566279113292694,-0.0378243550658226,-0.9818852543830872,0.5833333333333334,0.5833333333333334,2.7799103260040283,1.4239952638745308,-2.772334337234497,1.7116468845979516,True,True,True,True,0.10324270650744438,0.009052379988133907,0.16666666666666666,0.5800000476837158,0.27324986102059484
0.0026120820990114374,0.5833333333333334,0.0,0.0,0.0,0.0,0.008368894457817078,0.005141600214058448,0.5756698670142598,0.2743246493665332,0.0,2378.991732716,1.0,0.0,1,False,0.0,0.0,4,False,0.0,0.0,186,0.0,0.1857926845550537,-0.03780845180153847,-0.9818612933158875,0.5833333333333334,0.5833333333333334,2.77655291557312,1.4297219707320135,-2.7715983390808105,1.71524654014713,True,True,True,True,0.10324270650744438,0.009009124400715033,0.16666666666666666,0.5800000476837158,0.2746952236754199
0.0027725035437439166,0.5833333333333334,0.0,0.0,0.0,0.0,0.008368894457817078,0.005141600214058448,0.5756698670142598,0.27384628546018946,0.0,2379.011727646,1.0,0.0,1,False,0.0,0.0,4,False,0.0,0.0,187,0.0,0.18375402688980103,-0.03654957935214043,-0.9822925329208374,0.5833333333333334,0.5833333333333334,2.7672226428985596,1.4291048323114712,-2.769306182861328,1.713505995252759,True,True,True,True,0.10324270650744438,0.009002510768671831,0.16666666666666666,0.5800000476837158,0.2742168597690761
0.0024499312253913365,0.5833333333333334,0.0,0.0,0.0,0.0,0.008368894457817078,0.005141600214058448,0.5756698670142598,0.27247828249414313,0.0,2379.033373874,1.0,0.0,1,False,0.0,0.0,4,False,0.0,0.0,189,0.0,0.18512238562107086,-0.03578588366508484,-0.9820637106895447,0.5833333333333334,0.5833333333333334,2.773942232131958,1.426461523398757,-2.777268886566162,1.7145900858562182,True,True,True,True,0.10324270650744438,0.008941298661132654,0.16666666666666666,0.5800000476837158,0.2728488568030298
0.0017405462086346015,0.5833333333333334,0.0,0.0,0.0,0.0,0.008368894457817078,0.005141600214058448,0.5756698670142598,0.27198622108342296,0.0,2379.051793043,1.0,0.0,1,False,0.0,0.0,4,False,0.0,0.0,189,0.0,0.1862173080444336,-0.035997480154037476,-0.9818488955497742,0.5833333333333334,0.5833333333333334,2.7797770500183105,1.424760873739918,-2.7795488834381104,1.714564268937989,True,True,True,True,0.10324270650744438,0.008947721682488918,0.16666666666666666,0.5800000476837158,0.2723567953923096
0.0012330744775510528,0.5833333333333334,0.0,0.0,0.0,0.0,0.008368894457817078,0.005141600214058448,0.5756698670142598,0.27114751628815675,0.0,2379.072988095,1.0,0.0,1,False,0.0,0.0,4,False,0.0,0.0,191,0.0,0.1847268044948578,-0.03520793840289116,-0.9821590781211853,0.5833333333333334,0.5833333333333334,2.7762186527252197,1.422771455720067,-2.777944803237915,1.7127165764284766,True,True,True,True,0.10324270650744438,0.008922116520504156,0.16666666666666666,0.5800000476837158,0.2715180905970434
0.002828155412133954,0.5833333333333334,0.0,0.0,0.0,0.0,0.008368894457817078,0.005141600214058448,0.5756698670142598,0.2716600158056075,0.0,2379.091840941,1.0,0.0,1,False,0.0,0.0,4,False,0.0,0.0,191,0.0,0.1835458129644394,-0.03598297759890556,-0.9823523759841919,0.5833333333333334,0.5833333333333334,2.770482063293457,1.4217628029485543,-2.7732040882110596,1.7094842491774402,True,True,True,True,0.10324270650744438,0.00904875590155522,0.16666666666666666,0.5800000476837158,0.27203059011449415
0.003133381442694758,0.5833333333333334,0.0,0.0,0.0,0.0,0.008368894457817078,0.005141600214058448,0.5756698670142598,0.2710094492686743,0.0,2379.111647468,1.0,0.0,1,False,0.0,0.0,4,False,0.0,0.0,192,0.0,0.18500666320323944,-0.035457905381917953,-0.9820973873138428,0.5833333333333334,0.5833333333333334,2.7747321128845215,1.4214325814197462,-2.777827739715576,1.7114526053893315,True,True,True,True,0.10324270650744438,0.009023417718708515,0.16666666666666666,0.5800000476837158,0.27138002357756097
0.00239946093441356,0.5833333333333334,0.0,0.0,0.0,0.0,0.008368894457817078,0.005141600214058448,0.5756698670142598,0.27039123129004783,0.0,2379.13177743,1.0,0.0,1,False,0.0,0.0,4,False,0.0,0.0,193,0.0,0.1855398565530777,-0.03520520031452179,-0.9820058941841125,0.5833333333333334,0.5833333333333334,2.779001235961914,1.4202033585558336,-2.780102252960205,1.711691842163493,True,True,True,True,0.10324270650744438,0.008970755773286024,0.16666666666666666,0.5800000476837158,0.2707618055989345
0.002969778662888869,0.5833333333333334,0.0,0.0,0.0,0.0,0.008368894457817078,0.005141600214058448,0.5756698670142598,0.2703995572362547,0.0,2379.151747279,1.0,0.0,1,False,0.0,0.0,4,False,0.0,0.0,194,0.0,0.18463368713855743,-0.03531762957572937,-0.9821726083755493,0.5833333333333334,0.5833333333333334,2.775735855102539,1.4192838271458943,-2.777830123901367,1.7098797809381714,True,True,True,True,0.10324270650744438,0.009020308343072733,0.16666666666666666,0.5800000476837158,0.27077013154514135
0.002643738643763776,0.5833333333333334,0.0,0.0,0.0,0.0,0.008368894457817078,0.005141600214058448,0.5756698670142598,0.2685691196275706,0.0,2379.173260516,1.0,0.0,1,False,0.0,0.0,4,False,0.0,0.0,196,0.0,0.1855987310409546,-0.033702462911605835,-0.9820474982261658,0.5833333333333334,0.5833333333333334,2.7803335189819336,1.4167039167756836,-2.7857987880706787,1.7113257659271301,True,True,True,True,0.10324270650744438,0.008952463356157144,0.16666666666666666,0.5800000476837158,0.2689396939364572
0.0026842817802037026,0.5833333333333334,0.0,0.0,0.0,0.0,0.008368894457817078,0.005141600214058448,0.5756698670142598,0.2687473140383591,0.0,2379.192895556,1.0,0.0,1,False,0.0,0.0,4,False,0.0,0.0,197,0.0,0.18488545715808868,-0.034633420407772064,-0.9821496605873108,0.5833333333333334,0.5833333333333334,2.779111623764038,1.4143878100439906,-2.781574249267578,1.7081445315567723,True,True,True,True,0.10324270650744438,0.009028992615640163,0.16666666666666666,0.5800000476837158,0.26911788834724576
0.0034359711045612996,0.5833333333333334,0.0,0.0,0.0,0.0,0.008368894457817078,0.005141600214058448,0.5756698670142598,0.26905643641543436,0.0,2379.21178515,1.0,0.0,1,False,0.0,0.0,4,False,0.0,0.0,197,0.0,0.18415232002735138,-0.03470515459775925,-0.9822848439216614,0.5833333333333334,0.5833333333333334,2.7766828536987305,1.4153935958941777,-2.7789011001586914,1.70780742642344,True,True,True,True,0.10324270650744438,0.00903216532121102,0.16666666666666666,0.5800000476837158,0.269427010724321
0.002677106747401913,0.5833333333333334,0.0,0.0,0.0,0.0,0.008368894457817078,0.005141600214058448,0.5756698670142598,0.26924952096676624,0.0,2379.231760248,1.0,0.0,1,False,0.0,0.0,4,False,0.0,0.0,198,0.0,0.18618524074554443,-0.03505986928939819,-0.9818889498710632,0.5833333333333334,0.5833333333333334,2.783158779144287,1.4166977892940242,-2.7841084003448486,1.710758739068111,True,True,True,True,0.10324270650744438,0.00900844888140758,0.16666666666666666,0.5800000476837158,0.2696200952756529
0.003913059315839672,0.5833333333333334,0.0,0.0,0.0,0.0,0.008368894457817078,0.005141600214058448,0.5756698670142598,0.26859125013950386,0.0,2379.252895512,1.0,0.0,1,False,0.0,0.0,4,False,0.0,0.0,200,0.0,0.1872132271528244,-0.034282270818948746,-0.9817209243774414,0.5833333333333334,0.5833333333333334,2.7857179641723633,1.4160618154952924,-2.787963628768921,1.7121696748545114,True,True,True,True,0.10324270650744438,0.00901295089473327,0.16666666666666666,0.5800000476837158,0.2689128956338391
0.0039573177796094995,0.5833333333333334,0.0,0.0,0.0,0.0,0.008368894457817078,0.005141600214058448,0.5756698670142598,0.26749332342473586,0.0,2379.273031308,1.0,0.0,1,False,0.0,0.0,4,False,0.0,0.0,201,0.0,0.1866028755903244,-0.03318433836102486,-0.9818748235702515,0.5833333333333334,0.5833333333333334,2.7847487926483154,1.412416628561914,-2.7893285751342773,1.7104521719441514,True,True,True,True,0.10324270650744438,0.009001853875815868,0.16666666666666666,0.5800000476837158,0.2674599385090793
0.0026119027651838474,0.5833333333333334,0.0,0.0,0.0,0.0,0.008368894457817078,0.005141600214058448,0.5756698670142598,0.26823200355460664,0.0,2379.293210266,1.0,0.0,1,False,0.0,0.0,4,False,0.0,0.0,202,0.0,0.186325341463089,-0.0349394865334034,-0.9818666577339172,0.5833333333333334,0.5833333333333334,2.785698413848877,1.4126469374944766,-2.7845945358276367,1.7088695287362772,True,True,True,True,0.10324270650744438,0.009033672822018465,0.16666666666666666,0.5800000476837158,0.2685424112450952
0.0033865484187417653,0.5833333333333334,0.0,0.0,0.0,0.0,0.008368894457817078,0.005141600214058448,0.5756698670142598,0.2689150788004651,0.0,2379.311640518,1.0,0.0,1,False,0.0,0.0,4,False,0.0,0.0,202,0.0,0.1862499713897705,-0.03495820611715317,-0.9818803071975708,0.5833333333333334,0.5833333333333334,2.784172534942627,1.41591177880764,-2.78405499458313,1.7107081600283043,True,True,True,True,0.10324270650744438,0.009031342652936777,0.16666666666666666,0.5800000476837158,0.26928565310935176
0.0040271227007060454,0.5833333333333334,0.0,0.0,0.0,0.0,0.008368894457817078,0.005141600214058448,0.5756698670142598,0.26941391915298546,0.0,2379.332890982,1.0,0.0,1,False,0.0,0.0,4,False,0.0,0.0,204,0.0,0.18687301874160767,-0.0352030023932457,-0.9817531108856201,0.5833333333333334,0.5833333333333334,2.784799098968506,1.4173126518726349,-2.784032106399536,1.7113935147318593,True,True,True,True,0.10324270650744438,0.0090393191203475,0.16666666666666666,0.5800000476837158,0.2697844934618721
0.003997350118104766,0.5833333333333334,0.0,0.0,0.0,0.0,0.008368894457817078,0.005141600214058448,0.5756698670142598,0.269680538024426,0.0,2379.352941617,1.0,0.0,1,False,0.0,0.0,4,False,0.0,0.0,205,0.0,0.18613719940185547,-0.03525814414024353,-0.9818909168243408,0.5833333333333334,0.5833333333333334,2.7813618183135986,1.417607036108772,-2.7810328006744385,1.710486589626529,True,True,True,True,0.10324270650744438,0.00903906145443519,0.16666666666666666,0.5800000476837158,0.27005111233331264
0.0019225168684921723,0.5833333333333334,0.0,0.0,0.0,0.0,0.008368894457817078,0.005141600214058448,0.5756698670142598,0.27039910011209095,0.0,2379.372099525,1.0,0.0,1,False,0.0,0.0,4,False,0.0,0.0,205,0.0,0.18769393861293793,-0.03597382456064224,-0.9815685749053955,0.5833333333333334,0.5833333333333334,2.78770112991333,1.4199852670232456,-2.7844324111938477,1.7137199440738264,True,True,True,True,0.10324270650744438,0.008978943340480328,0.16666666666666666,0.5800000476837158,0.2707696744209776
0.0022756358756402906,0.5833333333333334,0.0,0.0,0.0,0.0,0.008368894457817078,0.005141600214058448,0.5756698670142598,0.2702663466759478,0.0,2379.392974934,1.0,0.0,1,False,0.0,0.0,4,False,0.0,0.0,207,0.0,0.18653863668441772,-0.0351971834897995,-0.9818169474601746,0.5833333333333334,0.5833333333333334,2.7833428382873535,1.420735874523719,-2.7829761505126953,1.7136332462337212,True,True,True,True,0.10324270650744438,0.00896429984519879,0.16666666666666666,0.5800000476837158,0.27063692098483444
0.003005357455549955,0.5833333333333334,0.0,0.0,0.0,0.0,0.008368894457817078,0.005141600214058448,0.5756698670142598,0.2712627149146502,0.0,2379.411600298,1.0,0.0,1,False,0.0,0.0,4,False,0.0,0.0,207,0.0,0.18704421818256378,-0.03623797744512558,-0.9816828966140747,0.5833333333333334,0.5833333333333334,2.7843806743621826,1.4220141756037872,-2.7816381454467773,1.7136692086393561,True,True,True,True,0.10324270650744438,0.009009579507013163,0.16666666666666666,0.5800000476837158,0.27163328922353686
0.002735808086995217,0.5833333333333334,0.0,0.0,0.0,0.0,0.008368894457817078,0.005141600214058448,0.5756698670142598,0.27083045760695684,0.0,2379.431569565,1.0,0.0,1,False,0.0,0.0,4,False,0.0,0.0,208,0.0,0.18490435183048248,-0.035294968634843826,-0.982122540473938,0.5833333333333334,0.5833333333333334,2.7754876613616943,1.4214161131531,-2.7776482105255127,1.7120416642719378,True,True,True,True,0.10324270650744438,0.008994708148141703,0.16666666666666666,0.5800000476837158,0.2712010319158435
0.002173407696316784,0.5833333333333334,0.0,0.0,0.0,0.0,0.008368894457817078,0.005141600214058448,0.5756698670142598,0.27121491912968004,0.0,2379.451661907,1.0,0.0,1,False,0.0,0.0,4,False,0.0,0.0,209,0.0,0.185454323887825,-0.03592434898018837,-0.9819959998130798,0.5833333333333334,0.5833333333333334,2.7790279388427734,1.4219100860257943,-2.7790603637695312,1.7125005026668256,True,True,True,True,0.10324270650744438,0.008979340083897114,0.16666666666666666,0.5800000476837158,0.2715854934385667
0.002706479640094834,0.5833333333333334,0.0,0.0,0.0,0.0,0.008368894457817078,0.005141600214058448,0.5756698670142598,0.27041455603109843,0.0,2379.471715751,1.0,0.0,1,False,0.0,0.0,4,False,0.0,0.0,210,0.0,0.1868152618408203,-0.03504852205514908,-0.9817696809768677,0.5833333333333334,0.5833333333333334,2.7834250926971436,1.421654686331749,-2.7844512462615967,1.71437511140443,True,True,True,True,0.10324270650744438,0.008954304891328016,0.16666666666666666,0.5800000476837158,0.2707851303399851
0.0014883824886289794,0.5833333333333334,0.0,0.0,0.0,0.0,0.008368894457817078,0.005141600214058448,0.5756698670142598,0.27045642868210423,0.0,2379.491675394,1.0,0.0,1,False,0.0,0.0,4,False,0.0,0.0,211,0.0,0.18765580654144287,-0.03556567430496216,-0.981590747833252,0.5833333333333334,0.5833333333333334,2.788797616958618,1.4210832510143518,-2.785555601119995,1.7150094234307383,True,True,True,True,0.10324270650744438,0.008900720936556658,0.16666666666666666,0.5800000476837158,0.2708270029909909
0.002413851304038061,0.5833333333333334,0.0,0.0,0.0,0.0,0.008368894457817078,0.005141600214058448,0.5756698670142598,0.27164590184481985,0.0,2379.511560667,1.0,0.0,1,False,0.0,0.0,4,False,0.0,0.0,212,0.0,0.18616020679473877,-0.03627946972846985,-0.9818493723869324,0.5833333333333334,0.5833333333333334,2.7826669216156006,1.42325896397233,-2.779020309448242,1.7135580909613801,True,True,True,True,0.10324270650744438,0.008970488794147968,0.16666666666666666,0.5800000476837158,0.2720164761537065
0.003029112108660938,0.5833333333333334,0.0,0.0,0.0,0.0,0.008368894457817078,0.005141600214058448,0.5756698670142598,0.27124804681693065,0.0,2379.532055188,1.0,0.0,1,False,0.0,0.0,4,False,0.0,0.0,213,0.0,0.18545746803283691,-0.03545500710606575,-0.9820124506950378,0.5833333333333334,0.5833333333333334,2.7771360874176025,1.422921845689416,-2.778970718383789,1.7129508751819233,True,True,True,True,0.10324270650744438,0.008995577382544676,0.16666666666666666,0.5800000476837158,0.2716186211258173
0.0037810183636808304,0.5833333333333334,0.0,0.0,0.0,0.0,0.008368894457817078,0.005141600214058448,0.5756698670142598,0.2708047806555236,0.0,2379.551702187,1.0,0.0,1,False,0.0,0.0,4,False,0.0,0.0,214,0.0,0.1853160411119461,-0.03537779301404953,-0.9820419549942017,0.5833333333333334,0.5833333333333334,2.7755510807037354,1.4206829940279324,-2.778552770614624,1.7111133243907721,True,True,True,True,0.10324270650744438,0.00905219620714585,0.16666666666666666,0.5800000476837158,0.27117535496441025
0.0033296459578490453,0.5833333333333334,0.0,0.0,0.0,0.0,0.008368894457817078,0.005141600214058448,0.5756698670142598,0.2713872013883496,0.0,2379.571693619,1.0,0.0,1,False,0.0,0.0,4,False,0.0,0.0,215,0.0,0.1857234388589859,-0.03621092066168785,-0.9819346070289612,0.5833333333333334,0.5833333333333334,2.7782721519470215,1.4213771515836318,-2.7766642570495605,1.7112492610384953,True,True,True,True,0.10324270650744438,0.009042653876046339,0.16666666666666666,0.5800000476837158,0.27175777569723625
0.0041277566221528455,0.5833333333333334,0.0,0.0,0.0,0.0,0.008368894457817078,0.005141600214058448,0.5756698670142598,0.27052774183667744,0.0,2379.593007372,1.0,0.0,1,False,0.0,0.0,4,False,0.0,0.0,217,0.0,0.18664133548736572,-0.03504563122987747,-0.9818028211593628,0.5833333333333334,0.5833333333333334,2.781623125076294,1.4216745719313622,-2.783510208129883,1.7140632665732893,True,True,True,True,0.10324270650744438,0.008987281161050001,0.16666666666666666,0.5800000476837158,0.2708983161455641
0.0038173068919863775,0.5833333333333334,0.0,0.0,0.0,0.0,0.008368894457817078,0.005141600214058448,0.5756698670142598,0.2699252778778925,0.0,2379.611661901,1.0,0.0,1,False,0.0,0.0,4,False,0.0,0.0,217,0.0,0.18534858524799347,-0.034766748547554016,-0.9820576310157776,0.5833333333333334,0.5833333333333334,2.7779064178466797,1.4188528632124264,-2.780810832977295,1.7111041103763704,True,True,True,True,0.10324270650744438,0.009014863210419813,0.16666666666666666,0.5800000476837158,0.27029585218677915
0.0038789431459592106,0.5833333333333334,0.0,0.0,0.0,0.0,0.008368894457817078,0.005141600214058448,0.5756698670142598,0.269021580814367,0.0,2379.631634959,1.0,0.0,1,False,0.0,0.0,4,False,0.0,0.0,218,0.0,0.18528300523757935,-0.034242790192365646,-0.9820883870124817,0.5833333333333334,0.5833333333333334,2.778287649154663,1.4166807644069195,-2.7827532291412354,1.7101145325273317,True,True,True,True,0.10324270650744438,0.00902568083256483,0.16666666666666666,0.5800000476837158,0.26939215512325365
0.00389611407709128,0.5833333333333334,0.0,0.0,0.0,0.0,0.008368894457817078,0.005141600214058448,0.5756698670142598,0.2683417255018358,0.0,2379.651687345,1.0,0.0,1,False,0.0,0.0,4,False,0.0,0.0,219,0.0,0.1861853301525116,-0.03426593914628029,-0.9819169640541077,0.5833333333333334,0.5833333333333334,2.7816431522369385,1.414399546571076,-2.7851407527923584,1.709653341956209,True,True,True,True,0.10324270650744438,0.009048004634678364,0.16666666666666666,0.5800000476837158,0.2687122998107225
0.002461737557816353,0.5833333333333334,0.0,0.0,0.0,0.0,0.008368894457817078,0.005141600214058448,0.5756698670142598,0.2700207060007209,0.0,2379.671841224,1.0,0.0,1,False,0.0,0.0,4,False,0.0,0.0,220,0.0,0.18469518423080444,-0.03606083244085312,-0.9821340441703796,0.5833333333333334,0.5833333333333334,2.777459144592285,1.4160530095299084,-2.7753896713256836,1.7075352203643233,True,True,True,True,0.10324270650744438,0.009076605550944805,0.16666666666666666,0.5800000476837158,0.2703912803096076
0.0013918241931757712,0.5833333333333334,0.0,0.0,0.0,0.0,0.008368894457817078,0.005141600214058448,0.5756698670142598,0.26935274352224714,0.0,2379.693021695,1.0,0.0,1,False,0.0,0.0,4,False,0.0,0.0,222,0.0,0.18530645966529846,-0.03458508104085922,-0.9820719957351685,0.5833333333333334,0.5833333333333334,2.7805395126342773,1.4184989407658577,-2.7832231521606445,1.7120402481171113,True,True,True,True,0.10324270650744438,0.008935346268117428,0.16666666666666666,0.5800000476837158,0.2697233178311338
0.0023693498002758965,0.5833333333333334,0.0,0.0,0.0,0.0,0.008368894457817078,0.005141600214058448,0.5756698670142598,0.2710244749166523,0.0,2379.712881887,1.0,0.0,1,False,0.0,0.0,4,False,0.0,0.0,223,0.0,0.18458355963230133,-0.03623770922422409,-0.9821485280990601,0.5833333333333334,0.5833333333333334,2.7780637741088867,1.4197975092877944,-2.7761688232421875,1.7096442096387774,True,True,True,True,0.10324270650744438,0.009018021014829477,0.16666666666666666,0.5800000476837158,0.271395049225539
0.001493657712769224,0.5833333333333334,0.0,0.0,0.0,0.0,0.008368894457817078,0.005141600214058448,0.5756698670142598,0.26923068027227665,0.0,2379.731813771,1.0,0.0,1,False,0.0,0.0,4,False,0.0,0.0,223,0.0,0.18501967191696167,-0.0340113528072834,-0.9821460843086243,0.5833333333333334,0.5833333333333334,2.7783353328704834,1.4188586492091417,-2.783656358718872,1.7122528568359239,True,True,True,True,0.10324270650744438,0.008911275925735632,0.16666666666666666,0.5800000476837158,0.2696012545811633
0.002960145232505819,0.5833333333333334,0.0,0.0,0.0,0.0,0.008368894457817078,0.005141600214058448,0.5756698670142598,0.2684655631929467,0.0,2379.753201602,1.0,0.0,1,False,0.0,0.0,4,False,0.0,0.0,225,0.0,0.18497391045093536,-0.03398778662085533,-0.9821555614471436,0.5833333333333334,0.5833333333333334,2.779053211212158,1.414985847659409,-2.7844157218933105,1.7092362805789636,True,True,True,True,0.10324270650744438,0.009003628976643085,0.16666666666666666,0.5800000476837158,0.2688361375018333
0.003851617063679357,0.5833333333333334,0.0,0.0,0.0,0.0,0.008368894457817078,0.005141600214058448,0.5756698670142598,0.2712177307149226,0.0,2379.77168056,1.0,0.0,1,False,0.0,0.0,4,False,0.0,0.0,225,0.0,0.18538272380828857,-0.0370788611471653,-0.9819666147232056,0.5833333333333334,0.5833333333333334,2.7785210609436035,1.4181552746643622,-2.774049997329712,1.7080096898624828,True,True,True,True,0.10324270650744438,0.009139997574190298,0.16666666666666666,0.5800000476837158,0.27158830502380926
0.0023857164294515394,0.5833333333333334,0.0,0.0,0.0,0.0,0.008368894457817078,0.005141600214058448,0.5756698670142598,0.26913408574553377,0.0,2379.79296894,1.0,0.0,1,False,0.0,0.0,4,False,0.0,0.0,227,0.0,0.18595345318317413,-0.03397984057664871,-0.9819707870483398,0.5833333333333334,0.5833333333333334,2.780287265777588,1.4192006594190996,-2.784411907196045,1.7132492892585514,True,True,True,True,0.10324270650744438,0.008931155937413374,0.16666666666666666,0.5800000476837158,0.2695046600544204
0.0023877671977198247,0.5833333333333334,0.0,0.0,0.0,0.0,0.008368894457817078,0.005141600214058448,0.5756698670142598,0.269624937911501,0.0,2379.81169638,1.0,0.0,1,False,0.0,0.0,4,False,0.0,0.0,227,0.0,0.18475809693336487,-0.03507327660918236,-0.9821580052375793,0.5833333333333334,0.5833333333333334,2.7790050506591797,1.4169421270489693,-2.780428886413574,1.7092068486710403,True,True,True,True,0.10324270650744438,0.008999300810197989,0.16666666666666666,0.5800000476837158,0.26999551222038765
0.0027008008726968707,0.5833333333333334,0.0,0.0,0.0,0.0,0.008368894457817078,0.005141600214058448,0.5756698670142598,0.2675843074120561,0.0,2379.832900475,1.0,0.0,1,False,0.0,0.0,4,False,0.0,0.0,229,0.0,0.18662983179092407,-0.03300470486283302,-0.9818757772445679,0.5833333333333334,0.5833333333333334,2.7854294776916504,1.414544561256965,-2.791045665740967,1.7120852734457028,True,True,True,True,0.10324270650744438,0.008926802935699621,0.16666666666666666,0.5800000476837158,0.26774415582651273
0.0037590418316400228,0.5833333333333334,0.0,0.0,0.0,0.0,0.008368894457817078,0.005141600214058448,0.5756698670142598,0.26895222448493833,0.0,2379.853165471,1.0,0.0,1,False,0.0,0.0,4,False,0.0,0.0,230,0.0,0.1847917139530182,-0.035346709191799164,-0.9821418523788452,0.5833333333333334,0.5833333333333334,2.7783496379852295,1.4130319220324357,-2.7788941860198975,1.7063208993840338,True,True,True,True,0.10324270650744438,0.009114109290142855,0.16666666666666666,0.5800000476837158,0.269322798793825
0.003421087807653819,0.5833333333333334,0.0,0.0,0.0,0.0,0.008368894457817078,0.005141600214058448,0.5756698670142598,0.26819662680288947,0.0,2379.871607973,1.0,0.0,1,False,0.0,0.0,4,False,0.0,0.0,230,0.0,0.18530340492725372,-0.03407541662454605,-0.9820903539657593,0.5833333333333334,0.5833333333333334,2.7793562412261963,1.4145398239294689,-2.783332586288452,1.7094206357294977,True,True,True,True,0.10324270650744438,0.009027999825775623,0.16666666666666666,0.5800000476837158,0.2685672011117761
0.003585881664983298,0.5833333333333334,0.0,0.0,0.0,0.0,0.008368894457817078,0.005141600214058448,0.5756698670142598,0.26918123201061833,0.0,2379.892893437,1.0,0.0,1,False,0.0,0.0,4,False,0.0,0.0,232,0.0,0.18633876740932465,-0.0353773795068264,-0.981848418712616,0.5833333333333334,0.5833333333333334,2.7835545539855957,1.4154444330682356,-2.783052682876587,1.7095534901700893,True,True,True,True,0.10324270650744438,0.00906406994909048,0.16666666666666666,0.5800000476837158,0.269551806319505
0.004495707369957232,0.5833333333333334,0.0,0.0,0.0,0.0,0.008368894457817078,0.005141600214058448,0.5756698670142598,0.2709438531929458,0.0,2379.911608627,1.0,0.0,1,False,0.0,0.0,4,False,0.0,0.0,232,0.0,0.18557947874069214,-0.03651098534464836,-0.9819507002830505,0.5833333333333334,0.5833333333333334,2.7782421112060547,1.4190529758731525,-2.775139093399048,1.7092411906563734,True,True,True,True,0.10324270650744438,0.009116358744601408,0.16666666666666666,0.5800000476837158,0.27131442750183243
0.0036357331607971867,0.5833333333333334,0.0,0.0,0.0,0.0,0.008368894457817078,0.005141600214058448,0.5756698670142598,0.2691563136990323,0.0,2379.932857344,1.0,0.0,1,False,0.0,0.0,4,False,0.0,0.0,234,0.0,0.18575970828533173,-0.03394726291298866,-0.9820086359977722,0.5833333333333334,0.5833333333333334,2.779740571975708,1.4187369452168543,-2.7846856117248535,1.7126605269637925,True,True,True,True,0.10324270650744438,0.008959107411404451,0.16666666666666666,0.5800000476837158,0.26952688800791896
0.0015180497410276308,0.5833333333333334,0.0,0.0,0.0,0.0,0.008368894457817078,0.005141600214058448,0.5756698670142598,0.2687290098632827,0.0,2379.952985849,1.0,0.0,1,False,0.0,0.0,4,False,0.0,0.0,235,0.0,0.1849726140499115,-0.03436499834060669,-0.9821426272392273,0.5833333333333334,0.5833333333333334,2.7801530361175537,1.415428224640588,-2.7830910682678223,1.7096069442054973,True,True,True,True,0.10324270650744438,0.008961502773066362,0.16666666666666666,0.5800000476837158,0.26909958417216934
0.0020441672183235254,0.5833333333333334,0.0,0.0,0.0,0.0,0.008368894457817078,0.005141600214058448,0.5756698670142598,0.26907758201688076,0.0,2379.972197713,1.0,0.0,1,False,0.0,0.0,4,False,0.0,0.0,235,0.0,0.1861850470304489,-0.034971654415130615,-0.9818921089172363,0.5833333333333334,0.5833333333333334,2.784733772277832,1.416457837447524,-2.7846860885620117,1.7109754683943525,True,True,True,True,0.10324270650744438,0.00897410356750091,0.16666666666666666,0.5800000476837158,0.2694481563257674
0.0022304249406209886,0.5833333333333334,0.0,0.0,0.0,0.0,0.008368894457817078,0.005141600214058448,0.5756698670142598,0.269328807251511,0.0,2379.991571731,1.0,0.0,1,False,0.0,0.0,4,False,0.0,0.0,236,0.0,0.1863686740398407,-0.03499535471200943,-0.9818564057350159,0.5833333333333334,0.5833333333333334,2.7844080924987793,1.4173512297372024,-2.784372329711914,1.7117207679965434,True,True,True,True,0.10324270650744438,0.008982101765771707,0.16666666666666666,0.5800000476837158,0.26969938156039763
0.0029391138304942738,0.5833333333333334,0.0,0.0,0.0,0.0,0.008368894457817078,0.005141600214058448,0.5756698670142598,0.27139199692350674,0.0,2380.013010309,1.0,0.0,1,False,0.0,0.0,4,False,0.0,0.0,238,0.0,0.18668216466903687,-0.03679748624563217,-0.9817309975624084,0.5833333333333334,0.5833333333333334,2.783736228942871,1.4210487486173708,-2.7789950370788574,1.71218365973134,True,True,True,True,0.10324270650744438,0.009049038402736187,0.16666666666666666,0.5800000476837158,0.2717625712323934
0.003200529828623805,0.5833333333333334,0.0,0.0,0.0,0.0,0.008368894457817078,0.005141600214058448,0.5756698670142598,0.2712789594310477,0.0,2380.033747479,1.0,0.0,1,False,0.0,0.0,4,False,0.0,0.0,239,0.0,0.18555103242397308,-0.03557527810335159,-0.9819904565811157,0.5833333333333334,0.5833333333333334,2.7781763076782227,1.4230792267868917,-2.778266668319702,1.7133014537262572,True,True,True,True,0.10324270650744438,0.008989007212221622,0.16666666666666666,0.5800000476837158,0.27164953373993433
0.002700394906296588,0.5833333333333334,0.0,0.0,0.0,0.0,0.008368894457817078,0.005141600214058448,0.5756698670142598,0.27122412059671724,0.0,2380.051749013,1.0,0.0,1,False,0.0,0.0,4,False,0.0,0.0,239,0.0,0.18548500537872314,-0.03572170063853264,-0.9819976091384888,0.5833333333333334,0.5833333333333334,2.7776541709899902,1.422138100489974,-2.7786929607391357,1.7122509276011688,True,True,True,True,0.10324270650744438,0.009002613214155039,0.16666666666666666,0.5800000476837158,0.2715946949056039
0.0030778743004915873,0.5833333333333334,0.0,0.0,0.0,0.0,0.008368894457817078,0.005141600214058448,0.5756698670142598,0.2703847851408476,0.0,2380.0729499,1.0,0.0,1,False,0.0,0.0,4,False,0.0,0.0,241,0.0,0.18486468493938446,-0.03497914969921112,-0.9821413159370422,0.5833333333333334,0.5833333333333334,2.774872064590454,1.4200279389818509,-2.7787961959838867,1.7109058704036535,True,True,True,True,0.10324270650744438,0.009018380505343279,0.16666666666666666,0.5800000476837158,0.2707553594497343
0.0029683079450108117,0.5833333333333334,0.0,0.0,0.0,0.0,0.008368894457817078,0.005141600214058448,0.5756698670142598,0.2689787012096325,0.0,2380.09287367,1.0,0.0,1,False,0.0,0.0,4,False,0.0,0.0,242,0.0,0.186558336019516,-0.03427857905626297,-0.9818456768989563,0.5833333333333334,0.5833333333333334,2.7829155921936035,1.4174202190091212,-2.786095380783081,1.7120272372786867,True,True,True,True,0.10324270650744438,0.008970523563524088,0.16666666666666666,0.5800000476837158,0.26934927551851917
0.001961924376321114,0.5833333333333334,0.0,0.0,0.0,0.0,0.008368894457817078,0.005141600214058448,0.5756698670142598,0.2678642615615991,0.0,2380.112928681,1.0,0.0,1,False,0.0,0.0,4,False,0.0,0.0,243,0.0,0.18627199530601501,-0.03375754877924919,-0.9819180965423584,0.5833333333333334,0.5833333333333334,2.7844507694244385,1.4139804712807138,-2.7875542640686035,1.7106803464212814,True,True,True,True,0.10324270650744438,0.00895207840949297,0.16666666666666666,0.5800000476837158,0.2681884130121519
0.0021186662305455782,0.5833333333333334,0.0,0.0,0.0,0.0,0.008368894457817078,0.005141600214058448,0.5756698670142598,0.2682918166623592,0.0,2380.132751542,1.0,0.0,1,False,0.0,0.0,4,False,0.0,0.0,244,0.0,0.1853725016117096,-0.03456837683916092,-0.9820601344108582,0.5833333333333334,0.5833333333333334,2.78238844871521,1.4136220536505182,-2.78365421295166,1.708833733278939,True,True,True,True,0.10324270650744438,0.009003711553911367,0.16666666666666666,0.5800000476837158,0.26866239097124583
0.00320389101855841,0.5833333333333334,0.0,0.0,0.0,0.0,0.008368894457817078,0.005141600214058448,0.5756698670142598,0.2700592968261942,0.0,2380.151596515,1.0,0.0,1,False,0.0,0.0,4,False,0.0,0.0,244,0.0,0.18518581986427307,-0.03600959852337837,-0.9820435643196106,0.5833333333333334,0.5833333333333334,2.779201030731201,1.41695517860353,-2.7780544757843018,1.7088392017688314,True,True,True,True,0.10324270650744438,0.009083817092080912,0.16666666666666666,0.5800000476837158,0.2704298711350808
0.0040577853927040945,0.5833333333333334,0.0,0.0,0.0,0.0,0.008368894457817078,0.005141600214058448,0.5756698670142598,0.2717936248167559,0.0,2380.173034218,1.0,0.0,1,False,0.0,0.0,4,False,0.0,0.0,246,0.0,0.18616069853305817,-0.0369911752641201,-0.9818227291107178,0.5833333333333334,0.5833333333333334,2.77876615524292,1.421771243835489,-2.7759921550750732,1.7115544594557448,True,True,True,True,0.10324270650744438,0.009109397418797016,0.16666666666666666,0.5800000476837158,0.27216419912564255
0.003811721547968493,0.5833333333333334,0.0,0.0,0.0,0.0,0.008368894457817078,0.005141600214058448,0.5756698670142598,0.2710825104381099,0.0,2380.192940198,1.0,0.0,1,False,0.0,0.0,4,False,0.0,0.0,247,0.0,0.1853274554014206,-0.03538579121232033,-0.9820395112037659,0.5833333333333334,0.5833333333333334,2.7754883766174316,1.4224237073212862,-2.7771754264831543,1.712303596345231,True,True,True,True,0.10324270650744438,0.009022095861534277,0.16666666666666666,0.5800000476837158,0.27145308474699653
0.003249419004507416,0.5833333333333334,0.0,0.0,0.0,0.0,0.008368894457817078,0.005141600214058448,0.5756698670142598,0.271553470873257,0.0,2380.211565853,1.0,0.0,1,False,0.0,0.0,4,False,0.0,0.0,247,0.0,0.1854761689901352,-0.036228060722351074,-0.9819807410240173,0.5833333333333334,0.5833333333333334,2.7765982151031494,1.421846965327859,-2.776643991470337,1.7111986992232064,True,True,True,True,0.10324270650744438,0.009051423830290636,0.16666666666666666,0.5800000476837158,0.27192404518214364
0.00367795915175872,0.5833333333333334,0.0,0.0,0.0,0.0,0.008368894457817078,0.005141600214058448,0.5756698670142598,0.2687801411024436,0.0,2380.231867013,1.0,0.0,1,False,0.0,0.0,4,False,0.0,0.0,248,0.0,0.18500284850597382,-0.0333857499063015,-0.9821707010269165,0.5833333333333334,0.5833333333333334,2.774827003479004,1.417637733432154,-2.783658981323242,1.7112168845564715,True,True,True,True,0.10324270650744438,0.008991396985948086,0.16666666666666666,0.5800000476837158,0.26915071541133023
0.003787089639292352,0.5833333333333334,0.0,0.0,0.0,0.0,0.008368894457817078,0.005141600214058448,0.5756698670142598,0.2678738580665692,0.0,2380.252895537,1.0,0.0,1,False,0.0,0.0,4,False,0.0,0.0,250,0.0,0.1852501779794693,-0.03402829170227051,-0.9821020364761353,0.5833333333333334,0.5833333333333334,2.778724193572998,1.41245711222291,-2.783853054046631,1.7077043056908074,True,True,True,True,0.10324270650744438,0.00904288732757171,0.16666666666666666,0.5800000476837158,0.26824443237545587
0.0018446651719520892,0.5833333333333334,0.0,0.0,0.0,0.0,0.008368894457817078,0.005141600214058448,0.5756698670142598,0.26854659737613845,0.0,2380.271748968,1.0,0.0,1,False,0.0,0.0,4,False,0.0,0.0,250,0.0,0.1862589716911316,-0.03506740927696228,-0.9818747043609619,0.5833333333333334,0.5833333333333334,2.785085678100586,1.4139920296147466,-2.7839460372924805,1.70950349771534,True,True,True,True,0.10324270650744438,0.009003555091718832,0.16666666666666666,0.5800000476837158,0.2689171716850251
0.004298578860959466,0.5833333333333334,0.0,0.0,0.0,0.0,0.008368894457817078,0.005141600214058448,0.5756698670142598,0.2701429347156688,0.0,2380.292891234,1.0,0.0,1,False,0.0,0.0,4,False,0.0,0.0,252,0.0,0.1843377947807312,-0.035870566964149475,-0.9822081923484802,0.5833333333333334,0.5833333333333334,2.7746686935424805,1.416975009565552,-2.7755184173583984,1.7077986437851074,True,True,True,True,0.10324270650744438,0.009126330725848675,0.16666666666666666,0.5800000476837158,0.27051350902455545
0.003071678651114917,0.5833333333333334,0.0,0.0,0.0,0.0,0.008368894457817078,0.005141600214058448,0.5756698670142598,0.27093337682291413,0.0,2380.311739998,1.0,0.0,1,False,0.0,0.0,4,False,0.0,0.0,252,0.0,0.18435150384902954,-0.03605265915393829,-0.98219895362854,0.5833333333333334,0.5833333333333334,2.7738144397735596,1.4197216623773177,-2.7740066051483154,1.709187903616094,True,True,True,True,0.10324270650744438,0.009068293186525503,0.16666666666666666,0.5800000476837158,0.2713039511318008
0.0022446073927808257,0.5833333333333334,0.0,0.0,0.0,0.0,0.008368894457817078,0.005141600214058448,0.5756698670142598,0.2702495539986049,0.0,2380.332800603,1.0,0.0,1,False,0.0,0.0,4,False,0.0,0.0,254,0.0,0.18389581143856049,-0.03499451279640198,-0.982322633266449,0.5833333333333334,0.5833333333333334,2.7728161811828613,1.419517632573843,-2.7770798206329346,1.7099155031116204,True,True,True,True,0.10324270650744438,0.008992458693683147,0.16666666666666666,0.5800000476837158,0.27062012830749155
0.002492831575638282,0.5833333333333334,0.0,0.0,0.0,0.0,0.008368894457817078,0.005141600214058448,0.5756698670142598,0.2709252112970208,0.0,2380.351560125,1.0,0.0,1,False,0.0,0.0,4,False,0.0,0.0,254,0.0,0.1844935566186905,-0.03593482822179794,-0.9821765422821045,0.5833333333333334,0.5833333333333334,2.7752270698547363,1.4198091626167297,-2.7765326499938965,1.7096783844906307,True,True,True,True,0.10324270650744438,0.009038561644653479,0.16666666666666666,0.5800000476837158,0.27129578560590745
0.0035431920099505626,0.5833333333333334,0.0,0.0,0.0,0.0,0.008368894457817078,0.005141600214058448,0.5756698670142598,0.2705505420102879,0.0,2380.373033991,1.0,0.0,1,False,0.0,0.0,4,False,0.0,0.0,256,0.0,0.1853160858154297,-0.03530779480934143,-0.9820444583892822,0.5833333333333334,0.5833333333333334,2.7766358852386475,1.420309618115425,-2.779245615005493,1.7113557854303838,True,True,True,True,0.10324270650744438,0.009035980639358362,0.16666666666666666,0.5800000476837158,0.27092111631917454
0.0026526564659845346,0.5833333333333334,0.0,0.0,0.0,0.0,0.008368894457817078,0.005141600214058448,0.5756698670142598,0.2683904199742853,0.0,2380.391623193,1.0,0.0,1,False,0.0,0.0,4,False,0.0,0.0,256,0.0,0.18475612998008728,-0.03343801572918892,-0.982215404510498,0.5833333333333334,0.5833333333333334,2.7769110202789307,1.4160657695805032,-2.7840113639831543,1.7105044436291192,True,True,True,True,0.10324270650744438,0.008953852268556753,0.16666666666666666,0.5800000476837158,0.26876099428317196
0.0037036229048901634,0.5833333333333334,0.0,0.0,0.0,0.0,0.008368894457817078,0.005141600214058448,0.5756698670142598,0.2678593186077803,0.0,2380.412857037,1.0,0.0,1,False,0.0,0.0,4,False,0.0,0.0,258,0.0,0.18482869863510132,-0.03384289890527725,-0.9821878671646118,0.5833333333333334,0.5833333333333334,2.779165506362915,1.4127998653178413,-2.7847633361816406,1.7081522129577942,True,True,True,True,0.10324270650744438,0.009026235279937586,0.16666666666666666,0.5800000476837158,0.26822989291666693
0.004679058365344472,0.5833333333333334,0.0,0.0,0.0,0.0,0.008368894457817078,0.005141600214058448,0.5756698670142598,0.26749100749712856,0.0,2380.431534024,1.0,0.0,1,False,0.0,0.0,4,False,0.0,0.0,258,0.0,0.1842188537120819,-0.033703431487083435,-0.9823072552680969,0.5833333333333334,0.5833333333333334,2.7756731510162354,1.4109483355035384,-2.781926393508911,1.705939485666979,True,True,True,True,0.10324270650744438,0.009102607456346353,0.16666666666666666,0.5800000476837158,0.26781084226754803
0.004117656293132201,0.5833333333333334,0.0,0.0,0.0,0.0,0.008368894457817078,0.005141600214058448,0.5756698670142598,0.26834277195916373,0.0,2380.452809573,1.0,0.0,1,False,0.0,0.0,4,False,0.0,0.0,260,0.0,0.18401741981506348,-0.034853048622608185,-0.9823048710823059,0.5833333333333334,0.5833333333333334,2.7756989002227783,1.4118096536646287,-2.7777273654937744,1.7049680067389588,True,True,True,True,0.10324270650744438,0.009113846657176813,0.16666666666666666,0.5800000476837158,0.2687133462680504
0.0034978754862948942,0.5833333333333334,0.0,0.0,0.0,0.0,0.008368894457817078,0.005141600214058448,0.5756698670142598,0.2702624393896962,0.0,2380.471617509,1.0,0.0,1,False,0.0,0.0,4,False,0.0,0.0,260,0.0,0.185120090842247,-0.0363660603761673,-0.9820427894592285,0.5833333333333334,0.5833333333333334,2.778092622756958,1.4167758064965408,-2.776820421218872,1.7083290274876317,True,True,True,True,0.10324270650744438,0.009107670746743679,0.16666666666666666,0.5800000476837158,0.27063301369858284
0.004197816256784939,0.5833333333333334,0.0,0.0,0.0,0.0,0.008368894457817078,0.005141600214058448,0.5756698670142598,0.2704755983274882,0.0,2380.49167398,1.0,0.0,1,False,0.0,0.0,4,False,0.0,0.0,261,0.0,0.18653638660907745,-0.035708654671907425,-0.9817988872528076,0.5833333333333334,0.5833333333333334,2.780852794647217,1.420280436053872,-2.781458616256714,1.7127861493040164,True,True,True,True,0.10324270650744438,0.0090514300391078,0.16666666666666666,0.5800000476837158,0.27084617263637484
0.0019096713703880106,0.5833333333333334,0.0,0.0,0.0,0.0,0.008368894457817078,0.005141600214058448,0.5756698670142598,0.2704627612875605,0.0,2380.511498009,1.0,0.0,1,False,0.0,0.0,4,False,0.0,0.0,262,0.0,0.1862567663192749,-0.035480231046676636,-0.9818602800369263,0.5833333333333334,0.5833333333333334,2.782391309738159,1.4206257946789265,-2.7812106609344482,1.7130311044929525,True,True,True,True,0.10324270650744438,0.008961250695089499,0.16666666666666666,0.5800000476837158,0.2708333355964472
0.0033960040804231957,0.5833333333333334,0.0,0.0,0.0,0.0,0.008368894457817078,0.005141600214058448,0.5756698670142598,0.2698741188542748,0.0,2380.53194266,1.0,0.0,1,False,0.0,0.0,4,False,0.0,0.0,263,0.0,0.18496689200401306,-0.034646909683942795,-0.9821338057518005,0.5833333333333334,0.5833333333333334,2.7769386768341064,1.4192104960481327,-2.781010866165161,1.7110360619478717,True,True,True,True,0.10324270650744438,0.009011322321991125,0.16666666666666666,0.5800000476837158,0.27024469316316146
0.0035821343504010505,0.5833333333333334,0.0,0.0,0.0,0.0,0.008368894457817078,0.005141600214058448,0.5756698670142598,0.2679011567998508,0.0,2380.5516127,1.0,0.0,1,False,0.0,0.0,4,False,0.0,0.0,264,0.0,0.18511377274990082,-0.033284351229667664,-0.9821532964706421,0.5833333333333334,0.5833333333333334,2.7784321308135986,1.4144090202947457,-2.7852210998535156,1.7093639006895034,True,True,True,True,0.10324270650744438,0.00898943313707908,0.16666666666666666,0.5800000476837158,0.2682717311087375
0.002847716600516193,0.5833333333333334,0.0,0.0,0.0,0.0,0.008368894457817078,0.005141600214058448,0.5756698670142598,0.2672562328340155,0.0,2380.572124721,1.0,0.0,1,False,0.0,0.0,4,False,0.0,0.0,265,0.0,0.1858910620212555,-0.033377304673194885,-0.9820032715797424,0.5833333333333334,0.5833333333333334,2.7846012115478516,1.4109222612654169,-2.7883224487304688,1.7084653853480944,True,True,True,True,0.10324270650744438,0.008977176311115423,0.16666666666666666,0.5800000476837158,0.2673015001276508
0.002768732152509922,0.5833333333333334,0.0,0.0,0.0,0.0,0.008368894457817078,0.005141600214058448,0.5756698670142598,0.26868899139791275,0.0,2380.593001299,1.0,0.0,1,False,0.0,0.0,4,False,0.0,0.0,267,0.0,0.18564197421073914,-0.035326436161994934,-0.9819822311401367,0.5833333333333334,0.5833333333333334,2.784414529800415,1.413359374428789,-2.7820441722869873,1.7079936283866346,True,True,True,True,0.10324270650744438,0.00903511761377255,0.16666666666666666,0.5800000476837158,0.2690595657067994
0.003926942115130132,0.5833333333333334,0.0,0.0,0.0,0.0,0.008368894457817078,0.005141600214058448,0.5756698670142598,0.26851246479182983,0.0,2380.611634248,1.0,0.0,1,False,0.0,0.0,4,False,0.0,0.0,267,0.0,0.18591105937957764,-0.034284479916095734,-0.9819682836532593,0.5833333333333334,0.5833333333333334,2.7823548316955566,1.4156260484208663,-2.7852139472961426,1.7106355353745368,True,True,True,True,0.10324270650744438,0.0090259596084555,0.16666666666666666,0.5800000476837158,0.2688830391007165
0.0034292041667485763,0.5833333333333334,0.0,0.0,0.0,0.0,0.008368894457817078,0.005141600214058448,0.5756698670142598,0.26853805295717764,0.0,2380.631645222,1.0,0.0,1,False,0.0,0.0,4,False,0.0,0.0,268,0.0,0.1839553266763687,-0.034316934645175934,-0.9823353886604309,0.5833333333333334,0.5833333333333334,2.7762928009033203,1.4140196020404499,-2.779183864593506,1.707044256930422,True,True,True,True,0.10324270650744438,0.00902641098946333,0.16666666666666666,0.5800000476837158,0.2689086272660643
0.002128956044928233,0.5833333333333334,0.0,0.0,0.0,0.0,0.008368894457817078,0.005141600214058448,0.5756698670142598,0.2688344676317478,0.0,2380.651580951,1.0,0.0,1,False,0.0,0.0,4,False,0.0,0.0,269,0.0,0.18383000791072845,-0.034676194190979004,-0.98234623670578,0.5833333333333334,0.5833333333333334,2.7761318683624268,1.4145978471885126,-2.779594898223877,1.7073801134486462,True,True,True,True,0.10324270650744438,0.009015233255922794,0.16666666666666666,0.5800000476837158,0.26920504194063444
0.002539127413798125,0.5833333333333334,0.0,0.0,0.0,0.0,0.008368894457817078,0.005141600214058448,0.5756698670142598,0.268271575103497,0.0,2380.671613507,1.0,0.0,1,False,0.0,0.0,4,False,0.0,0.0,270,0.0,0.1853693574666977,-0.03411123901605606,-0.9820767045021057,0.5833333333333334,0.5833333333333334,2.7817931175231934,1.4147908895586927,-2.785263776779175,1.709804796329363,True,True,True,True,0.10324270650744438,0.008976453604797522,0.16666666666666666,0.5800000476837158,0.2686421494123836
0.0033282106699773595,0.5833333333333334,0.0,0.0,0.0,0.0,0.008368894457817078,0.005141600214058448,0.5756698670142598,0.2683561868071387,0.0,2380.691690976,1.0,0.0,1,False,0.0,0.0,4,False,0.0,0.0,271,0.0,0.18592414259910583,-0.03453215956687927,-0.9819570779800415,0.5833333333333334,0.5833333333333334,2.7824866771698,1.4139687484130263,-2.784613609313965,1.7091513898430015,True,True,True,True,0.10324270650744438,0.009038782678544521,0.16666666666666666,0.5800000476837158,0.26872676111602534
0.0034500092770120444,0.5833333333333334,0.0,0.0,0.0,0.0,0.008368894457817078,0.005141600214058448,0.5756698670142598,0.2685168668820043,0.0,2380.712766457,1.0,0.0,1,False,0.0,0.0,4,False,0.0,0.0,273,0.0,0.18615297973155975,-0.03455566242337227,-0.9819129109382629,0.5833333333333334,0.5833333333333334,2.7843127250671387,1.4148448274160426,-2.784564733505249,1.7100625445225592,True,True,True,True,0.10324270650744438,0.009006192597250143,0.16666666666666666,0.5800000476837158,0.268887441190891
0.0032760176427324506,0.5833333333333334,0.0,0.0,0.0,0.0,0.008368894457817078,0.005141600214058448,0.5756698670142598,0.26893692262220675,0.0,2380.731526563,1.0,0.0,1,False,0.0,0.0,4,False,0.0,0.0,273,0.0,0.18723264336585999,-0.03490861877799034,-0.9816951155662537,0.5833333333333334,0.5833333333333334,2.788501024246216,1.4165600544462602,-2.786945104598999,1.712083735982326,True,True,True,True,0.10324270650744438,0.008977463779350122,0.16666666666666666,0.5800000476837158,0.2693074969310934
0.0029131847709830227,0.5833333333333334,0.0,0.0,0.0,0.0,0.008368894457817078,0.005141600214058448,0.5756698670142598,0.2689938425744404,0.0,2380.752936269,1.0,0.0,1,False,0.0,0.0,4,False,0.0,0.0,275,0.0,0.18680113554000854,-0.034748002886772156,-0.9817830324172974,0.5833333333333334,0.5833333333333334,2.785407304763794,1.416724224574864,-2.7856245040893555,1.7117950511424542,True,True,True,True,0.10324270650744438,0.00899871407697598,0.16666666666666666,0.5800000476837158,0.2693644168833271
0.003678795978522216,0.5833333333333334,0.0,0.0,0.0,0.0,0.008368894457817078,0.005141600214058448,0.5756698670142598,0.27035833247532,0.0,2380.772905829,1.0,0.0,1,False,0.0,0.0,4,False,0.0,0.0,276,0.0,0.18496662378311157,-0.03584374487400055,-0.982090950012207,0.5833333333333334,0.5833333333333334,2.77726411819458,1.4179411518077056,-2.7767789363861084,1.7089946268994158,True,True,True,True,0.10324270650744438,0.00908952858299017,0.16666666666666666,0.5800000476837158,0.27072890678420664
0.003460822155570692,0.5833333333333334,0.0,0.0,0.0,0.0,0.008368894457817078,0.005141600214058448,0.5756698670142598,0.2700455806953663,0.0,2380.792960259,1.0,0.0,1,False,0.0,0.0,4,False,0.0,0.0,277,0.0,0.18524345755577087,-0.035024210810661316,-0.9820683002471924,0.5833333333333334,0.5833333333333334,2.7779228687286377,1.4192883893847466,-2.7802364826202393,1.7112482347488471,True,True,True,True,0.10324270650744438,0.00901278822372357,0.16666666666666666,0.5800000476837158,0.270416155004253
0.0023914949441081793,0.5833333333333334,0.0,0.0,0.0,0.0,0.008368894457817078,0.005141600214058448,0.5756698670142598,0.26889347747183884,0.0,2380.811645995,1.0,0.0,1,False,0.0,0.0,4,False,0.0,0.0,277,0.0,0.1866195946931839,-0.034206319600343704,-0.9818365573883057,0.5833333333333334,0.5833333333333334,2.7853798866271973,1.4176939465105534,-2.787322998046875,1.712849607721152,True,True,True,True,0.10324270650744438,0.008921537237862745,0.16666666666666666,0.5800000476837158,0.2692640517807255
0.0023841647383120905,0.5833333333333334,0.0,0.0,0.0,0.0,0.008368894457817078,0.005141600214058448,0.5756698670142598,0.27038193839817787,0.0,2380.832704852,1.0,0.0,1,False,0.0,0.0,4,False,0.0,0.0,279,0.0,0.18596427142620087,-0.0359581857919693,-0.981898307800293,0.5833333333333334,0.5833333333333334,2.7832486629486084,1.4185482989996672,-2.780357599258423,1.7107640340225012,True,True,True,True,0.10324270650744438,0.009008840036888918,0.16666666666666666,0.5800000476837158,0.2707525127070645
0.0032273329170614184,0.5833333333333334,0.0,0.0,0.0,0.0,0.008368894457817078,0.005141600214058448,0.5756698670142598,0.2711892490079457,0.0,2380.851620988,1.0,0.0,1,False,0.0,0.0,4,False,0.0,0.0,279,0.0,0.18640175461769104,-0.036156848073005676,-0.981808066368103,0.5833333333333334,0.5833333333333334,2.781055212020874,1.4217639118432999,-2.77958083152771,1.7127999773563183,True,True,True,True,0.10324270650744438,0.009038063697516918,0.16666666666666666,0.5800000476837158,0.27155982331683237
0.0027141386562123146,0.5833333333333334,0.0,0.0,0.0,0.0,0.008368894457817078,0.005141600214058448,0.5756698670142598,0.26880962518414653,0.0,2380.872431654,1.0,0.0,1,False,0.0,0.0,4,False,0.0,0.0,280,0.0,0.1864899843931198,-0.033647116273641586,-0.9818805456161499,0.5833333333333334,0.5833333333333334,2.7818102836608887,1.418475658322374,-2.78714919090271,1.7135586293540648,True,True,True,True,0.10324270650744438,0.008938491034011046,0.16666666666666666,0.5800000476837158,0.2691801994930332
0.0020321358301520712,0.5833333333333334,0.0,0.0,0.0,0.0,0.008368894457817078,0.005141600214058448,0.5756698670142598,0.2696575451446528,0.0,2380.89205124,1.0,0.0,1,False,0.0,0.0,4,False,0.0,0.0,281,0.0,0.18642546236515045,-0.03551440313458443,-0.9818270206451416,0.5833333333333334,0.5833333333333334,2.785054922103882,1.4170432432244222,-2.7833662033081055,1.7111371086310856,True,True,True,True,0.10324270650744438,0.008981322559217611,0.16666666666666666,0.5800000476837158,0.27002811945353944
0.00259468408540175,0.5833333333333334,0.0,0.0,0.0,0.0,0.008368894457817078,0.005141600214058448,0.5756698670142598,0.27052789263332433,0.0,2380.912445145,1.0,0.0,1,False,0.0,0.0,4,False,0.0,0.0,282,0.0,0.18670840561389923,-0.035979002714157104,-0.981756329536438,0.5833333333333334,0.5833333333333334,2.784559488296509,1.4203611544022958,-2.7821903228759766,1.713418444601375,True,True,True,True,0.10324270650744438,0.008973662741482258,0.16666666666666666,0.5800000476837158,0.270898466942211
0.0011828033166474585,0.5833333333333334,0.0,0.0,0.0,0.0,0.008368894457817078,0.005141600214058448,0.5756698670142598,0.27109410649070687,0.0,2380.931569516,1.0,0.0,1,False,0.0,0.0,4,False,0.0,0.0,283,0.0,0.18669100105762482,-0.03598998114466667,-0.981759250164032,0.5833333333333334,0.5833333333333334,2.7846014499664307,1.422631360590458,-2.7818121910095215,1.7146118095173437,True,True,True,True,0.10324270650744438,0.008933620216945807,0.16666666666666666,0.5800000476837158,0.2714646807995935
0.002730209276415875,0.5833333333333334,0.0,0.0,0.0,0.0,0.008368894457817078,0.005141600214058448,0.5756698670142598,0.27035101910958237,0.0,2380.952798402,1.0,0.0,1,False,0.0,0.0,4,False,0.0,0.0,285,0.0,0.1862286478281021,-0.034953173249959946,-0.9818844795227051,0.5833333333333334,0.5833333333333334,2.781425714492798,1.4214629009366035,-2.7833828926086426,1.7138042174185022,True,True,True,True,0.10324270650744438,0.008953508300085863,0.16666666666666666,0.5800000476837158,0.270721593418469
0.003234970826262274,0.5833333333333334,0.0,0.0,0.0,0.0,0.008368894457817078,0.005141600214058448,0.5756698670142598,0.2710472945704266,0.0,2380.97157484,1.0,0.0,1,False,0.0,0.0,4,False,0.0,0.0,285,0.0,0.1867179572582245,-0.036078594624996185,-0.9817508459091187,0.5833333333333334,0.5833333333333334,2.7821567058563232,1.4209506263335545,-2.7807211875915527,1.7124127171227745,True,True,True,True,0.10324270650744438,0.009039245856304964,0.16666666666666666,0.5800000476837158,0.27141786887931324
0.0023975854549139097,0.5833333333333334,0.0,0.0,0.0,0.0,0.008368894457817078,0.005141600214058448,0.5756698670142598,0.2707777551490023,0.0,2380.992856222,1.0,0.0,1,False,0.0,0.0,4,False,0.0,0.0,287,0.0,0.1852879822254181,-0.0353790745139122,-0.9820472002029419,0.5833333333333334,0.5833333333333334,2.7777976989746094,1.4212102442979813,-2.778272867202759,1.712171996140431,True,True,True,True,0.10324270650744438,0.008979788360496363,0.16666666666666666,0.5800000476837158,0.27114832945788897
0.004056710516298033,0.5833333333333334,0.0,0.0,0.0,0.0,0.008368894457817078,0.005141600214058448,0.5756698670142598,0.2706985382477894,0.0,2381.011398177,1.0,0.0,1,False,0.0,0.0,4,False,0.0,0.0,287,0.0,0.18540601432323456,-0.0353575274348259,-0.982025682926178,0.5833333333333334,0.5833333333333334,2.777158498764038,1.420770589262247,-2.780217409133911,1.7117533946666172,True,True,True,True,0.10324270650744438,0.009043035097420216,0.16666666666666666,0.5800000476837158,0.27106911255667604
0.004184206319090273,0.5833333333333334,0.0,0.0,0.0,0.0,0.008368894457817078,0.005141600214058448,0.5756698670142598,0.27050323516966945,0.0,2381.031857994,1.0,0.0,1,False,0.0,0.0,4,False,0.0,0.0,288,0.0,0.18542562425136566,-0.03537915647029877,-0.9820212125778198,0.5833333333333334,0.5833333333333334,2.776383638381958,1.4195540913691123,-2.7783377170562744,1.7105787991416663,True,True,True,True,0.10324270650744438,0.009069290943443775,0.16666666666666666,0.5800000476837158,0.2708738094785561
0.003108645172334247,0.5833333333333334,0.0,0.0,0.0,0.0,0.008368894457817078,0.005141600214058448,0.5756698670142598,0.27115612302811987,0.0,2381.051595113,1.0,0.0,1,False,0.0,0.0,4,False,0.0,0.0,289,0.0,0.18614540994167328,-0.03630810230970383,-0.9818511009216309,0.5833333333333334,0.5833333333333334,2.7793874740600586,1.4207647039244573,-2.7776832580566406,1.7114339562378955,True,True,True,True,0.10324270650744438,0.009050833992660046,0.16666666666666666,0.5800000476837158,0.2715266973370065
0.0019154758378381275,0.5833333333333334,0.0,0.0,0.0,0.0,0.008368894457817078,0.005141600214058448,0.5756698670142598,0.2704793264117544,0.0,2381.072780252,1.0,0.0,1,False,0.0,0.0,4,False,0.0,0.0,291,0.0,0.18613025546073914,-0.035169817507267,-0.9818954467773438,0.5833333333333334,0.5833333333333334,2.7812106609344482,1.4213760594526927,-2.78190279006958,1.7135578946417767,True,True,True,True,0.10324270650744438,0.008946533935765425,0.16666666666666666,0.5800000476837158,0.270849900720641
0.0024027684905662183,0.5833333333333334,0.0,0.0,0.0,0.0,0.008368894457817078,0.005141600214058448,0.5756698670142598,0.2703758404860104,0.0,2381.092918384,1.0,0.0,1,False,0.0,0.0,4,False,0.0,0.0,292,0.0,0.18621385097503662,-0.035278499126434326,-0.9818756580352783,0.5833333333333334,0.5833333333333334,2.7821264266967773,1.42045727558434,-2.782937526702881,1.712929362588778,True,True,True,True,0.10324270650744438,0.008973000881572565,0.16666666666666666,0.5800000476837158,0.27074641479489703
0.0034047349072395127,0.5833333333333334,0.0,0.0,0.0,0.0,0.008368894457817078,0.005141600214058448,0.5756698670142598,0.26957945141846484,0.0,2381.111502627,1.0,0.0,1,False,0.0,0.0,4,False,0.0,0.0,292,0.0,0.18541282415390015,-0.03447826951742172,-0.9820556640625,0.5833333333333334,0.5833333333333334,2.7788970470428467,1.4184984502693017,-2.782099485397339,1.7112084259015254,True,True,True,True,0.10324270650744438,0.008998476279278597,0.16666666666666666,0.5800000476837158,0.2699500257273515
0.0032951513414777203,0.5833333333333334,0.0,0.0,0.0,0.0,0.008368894457817078,0.005141600214058448,0.5756698670142598,0.2697321575094466,0.0,2381.131528183,1.0,0.0,1,False,0.0,0.0,4,False,0.0,0.0,293,0.0,0.18569397926330566,-0.035159122198820114,-0.9819784164428711,0.5833333333333334,0.5833333333333334,2.7799670696258545,1.4174835433562596,-2.781378984451294,1.7102501914970345,True,True,True,True,0.10324270650744438,0.00903690451135238,0.16666666666666666,0.5800000476837158,0.2701027318183333
0.004128127819375745,0.5833333333333334,0.0,0.0,0.0,0.0,0.008368894457817078,0.005141600214058448,0.5756698670142598,0.27024002843131173,0.0,2381.151600695,1.0,0.0,1,False,0.0,0.0,4,False,0.0,0.0,294,0.0,0.18629971146583557,-0.035636503249406815,-0.9818464517593384,0.5833333333333334,0.5833333333333334,2.7805755138397217,1.4187418557703495,-2.780587673187256,1.7109803170291995,True,True,True,True,0.10324270650744438,0.009077156893908978,0.16666666666666666,0.5800000476837158,0.2706106027401984
0.0030205275661992935,0.5833333333333334,0.0,0.0,0.0,0.0,0.008368894457817078,0.005141600214058448,0.5756698670142598,0.2701413686191494,0.0,2381.17281179,1.0,0.0,1,False,0.0,0.0,4,False,0.0,0.0,295,0.0,0.18625597655773163,-0.03529701009392738,-0.9818670153617859,0.5833333333333334,0.5833333333333334,2.782052516937256,1.4195439958324034,-2.781719207763672,1.712484668857742,True,True,True,True,0.10324270650744438,0.008983376435935497,0.16666666666666666,0.5800000476837158,0.27051194292803604
0.004083935956538058,0.5833333333333334,0.0,0.0,0.0,0.0,0.008368894457817078,0.005141600214058448,0.5756698670142598,0.2716970232274835,0.0,2381.191543607,1.0,0.0,1,False,0.0,0.0,4,False,0.0,0.0,296,0.0,0.18660160899162292,-0.036675017327070236,-0.9817509055137634,0.5833333333333334,0.5833333333333334,2.7814853191375732,1.4222708356877167,-2.778540849685669,1.7124298665550166,True,True,True,True,0.10324270650744438,0.009078050963580608,0.16666666666666666,0.5800000476837158,0.27206759753637016
0.005266269478153979,0.5833333333333334,0.0,0.0,0.0,0.0,0.008368894457817078,0.005141600214058448,0.5756698670142598,0.27350099823653246,0.0,2381.211518125,1.0,0.0,1,False,0.0,0.0,4,False,0.0,0.0,297,0.0,0.18416786193847656,-0.037421245127916336,-0.9821822047233582,0.5833333333333334,0.5833333333333334,2.7697179317474365,1.4253086013098557,-2.766500473022461,1.7101381292534714,True,True,True,True,0.10324270650744438,0.009138527326285839,0.16666666666666666,0.5800000476837158,0.2738715725454191
0.0020945934230370005,0.5833333333333334,0.0,0.0,0.0,0.0,0.008368894457817078,0.005141600214058448,0.5756698670142598,0.27230822345767963,0.0,2381.231581887,1.0,0.0,1,False,0.0,0.0,4,False,0.0,0.0,298,0.0,0.18665269017219543,-0.03606497496366501,-0.9817637801170349,0.5833333333333334,0.5833333333333334,2.779766798019409,1.4267646844188373,-2.7793960571289062,1.7161786526056773,True,True,True,True,0.10324270650744438,0.008919413822392622,0.16666666666666666,0.5800000476837158,0.2726787977665663
0.00250862835652771,0.5833333333333334,0.0,0.0,0.0,0.0,0.008368894457817078,0.005141600214058448,0.5756698670142598,0.27158137966163004,0.0,2381.251869924,1.0,0.0,1,False,0.0,0.0,4,False,0.0,0.0,299,0.0,0.18475626409053802,-0.03538442775607109,-0.9821471571922302,0.5833333333333334,0.5833333333333334,2.7747695446014404,1.4236505161970854,-2.7777020931243896,1.712771839845215,True,True,True,True,0.10324270650744438,0.008966146968305111,0.16666666666666666,0.5800000476837158,0.2719519539705167
0.0031633688381312937,0.5833333333333334,0.0,0.0,0.0,0.0,0.008368894457817078,0.005141600214058448,0.5756698670142598,0.27176962657426346,0.0,2381.271616375,1.0,0.0,1,False,0.0,0.0,4,False,0.0,0.0,300,0.0,0.1847606748342514,-0.03613899648189545,-0.9821188449859619,0.5833333333333334,0.5833333333333334,2.773369312286377,1.4223686959594488,-2.774904727935791,1.7108869666814084,True,True,True,True,0.10324270650744438,0.009052267608543238,0.16666666666666666,0.5800000476837158,0.2721402008831501
0.0047416813325444375,0.5833333333333334,0.0,0.0,0.0,0.0,0.008368894457817078,0.005141600214058448,0.5756698670142598,0.27306544691850293,0.0,2381.291717468,1.0,0.0,1,False,0.0,0.0,4,False,0.0,0.0,301,0.0,0.18733254075050354,-0.037395380437374115,-0.9815844893455505,0.5833333333333334,0.5833333333333334,2.781444549560547,1.4258166545381148,-2.776663064956665,1.714142561921003,True,True,True,True,0.10324270650744438,0.009078621553877989,0.16666666666666666,0.5800000476837158,0.2734360212273896
0.0043864274501060965,0.5833333333333334,0.0,0.0,0.0,0.0,0.008368894457817078,0.005141600214058448,0.5756698670142598,0.27304064859230864,0.0,2381.311603618,1.0,0.0,1,False,0.0,0.0,4,False,0.0,0.0,302,0.0,0.18439112603664398,-0.036530718207359314,-0.9821738004684448,0.5833333333333334,0.5833333333333334,2.769361972808838,1.425992302596569,-2.7689967155456543,1.711599664812351,True,True,True,True,0.10324270650744438,0.009069140069186687,0.16666666666666666,0.5800000476837158,0.2734112229011953
0.0029258338645979324,0.5833333333333334,0.0,0.0,0.0,0.0,0.008368894457817078,0.005141600214058448,0.5756698670142598,0.2727860683069085,0.0,2381.331558887,1.0,0.0,1,False,0.0,0.0,4,False,0.0,0.0,303,0.0,0.18698592483997345,-0.036701906472444534,-0.9816767573356628,0.5833333333333334,0.5833333333333334,2.779571771621704,1.4265468306839466,-2.7786245346069336,1.7152541629882518,True,True,True,True,0.10324270650744438,0.009002540570994219,0.16666666666666666,0.5800000476837158,0.27315664261579514
0.0017713307073497228,0.5833333333333334,0.0,0.0,0.0,0.0,0.008368894457817078,0.005141600214058448,0.5756698670142598,0.27056121954599566,0.0,2381.351687103,1.0,0.0,1,False,0.0,0.0,4,False,0.0,0.0,304,0.0,0.1862393617630005,-0.03450625017285347,-0.9818982481956482,0.5833333333333334,0.5833333333333334,2.7800867557525635,1.4229059933374326,-2.7829363346099854,1.714923284034696,True,True,True,True,0.10324270650744438,0.008896528743207455,0.16666666666666666,0.5800000476837158,0.2709317938548823
0.003217223448830781,0.5833333333333334,0.0,0.0,0.0,0.0,0.008368894457817078,0.005141600214058448,0.5756698670142598,0.2711124504410182,0.0,2381.371554587,1.0,0.0,1,False,0.0,0.0,4,False,0.0,0.0,305,0.0,0.18533018231391907,-0.03577881306409836,-0.9820247292518616,0.5833333333333334,0.5833333333333334,2.7786502838134766,1.4210477446516354,-2.778550624847412,1.7111754230941705,True,True,True,True,0.10324270650744438,0.00901020411401987,0.16666666666666666,0.5800000476837158,0.2714830247499049
0.0033808283609533508,0.5833333333333334,0.0,0.0,0.0,0.0,0.008368894457817078,0.005141600214058448,0.5756698670142598,0.2726839936453059,0.0,2381.392542284,1.0,0.0,1,False,0.0,0.0,4,False,0.0,0.0,306,0.0,0.18436747789382935,-0.037074241787195206,-0.9821578860282898,0.5833333333333334,0.5833333333333334,2.772542953491211,1.4234520525981982,-2.7700233459472656,1.7099976755103845,True,True,True,True,0.10324270650744438,0.009084893700977167,0.16666666666666666,0.5800000476837158,0.27305456795419253
0.002916313836115992,0.5833333333333334,0.0,0.0,0.0,0.0,0.008368894457817078,0.005141600214058448,0.5756698670142598,0.2718285286137665,0.0,2381.411609202,1.0,0.0,1,False,0.0,0.0,4,False,0.0,0.0,307,0.0,0.1850288063287735,-0.03568286821246147,-0.9820850491523743,0.5833333333333334,0.5833333333333334,2.773956298828125,1.4244014788419008,-2.77671217918396,1.7132197302880496,True,True,True,True,0.10324270650744438,0.008994253041843573,0.16666666666666666,0.5800000476837158,0.27219910292265315
0.003031475200177758,0.5833333333333334,0.0,0.0,0.0,0.0,0.008368894457817078,0.005141600214058448,0.5756698670142598,0.2706393142035062,0.0,2381.431604721,1.0,0.0,1,False,0.0,0.0,4,False,0.0,0.0,308,0.0,0.18533340096473694,-0.03493235260248184,-0.982054591178894,0.5833333333333334,0.5833333333333334,2.77685284614563,1.4214257299900055,-2.7807416915893555,1.7125487797778205,True,True,True,True,0.10324270650744438,0.008976470989485582,0.16666666666666666,0.5800000476837158,0.2710098885123928
0.003990437037559488,0.5833333333333334,0.0,0.0,0.0,0.0,0.008368894457817078,0.005141600214058448,0.5756698670142598,0.26998300532560343,0.0,2381.452854899,1.0,0.0,1,False,0.0,0.0,4,False,0.0,0.0,310,0.0,0.18709437549114227,-0.03502080217003822,-0.9817174673080444,0.5833333333333334,0.5833333333333334,2.783320665359497,1.4194845193997025,-2.7847001552581787,1.7127507018507548,True,True,True,True,0.10324270650744438,0.00902086216956377,0.16666666666666666,0.5800000476837158,0.2703535796344901
0.003830131439782239,0.5833333333333334,0.0,0.0,0.0,0.0,0.008368894457817078,0.005141600214058448,0.5756698670142598,0.27049529304477865,0.0,2381.47315227,1.0,0.0,1,False,0.0,0.0,4,False,0.0,0.0,311,0.0,0.1885782927274704,-0.03589856997132301,-0.981401801109314,0.5833333333333334,0.5833333333333334,2.7896220684051514,1.4203102647637327,-2.785158395767212,1.7142296191257504,True,True,True,True,0.10324270650744438,0.009005366203685602,0.16666666666666666,0.5800000476837158,0.2708658673536653
0.0037750700277012434,0.5833333333333334,0.0,0.0,0.0,0.0,0.008368894457817078,0.005141600214058448,0.5756698670142598,0.27250923189550186,0.0,2381.492650241,1.0,0.0,1,False,0.0,0.0,4,False,0.0,0.0,312,0.0,0.18645000457763672,-0.0371636226773262,-0.9817613363265991,0.5833333333333334,0.5833333333333334,2.7810471057891846,1.4240502373625834,-2.775017499923706,1.7128965422114029,True,True,True,True,0.10324270650744438,0.009058568316201368,0.16666666666666666,0.5800000476837158,0.2728798062043885
0.002187056888840851,0.5833333333333334,0.0,0.0,0.0,0.0,0.008368894457817078,0.005141600214058448,0.5756698670142598,0.27080866310650653,0.0,2381.512673174,1.0,0.0,1,False,0.0,0.0,4,False,0.0,0.0,313,0.0,0.18834246695041656,-0.03496948629617691,-0.9814806580543518,0.5833333333333334,0.5833333333333334,2.7877302169799805,1.4246790080020826,-2.787851572036743,1.7182282886242553,True,True,True,True,0.10324270650744438,0.008884026668965816,0.16666666666666666,0.5800000476837158,0.2711792374153932
0.003305732619904597,0.5833333333333334,0.0,0.0,0.0,0.0,0.008368894457817078,0.005141600214058448,0.5756698670142598,0.27028358957014526,0.0,2381.532694066,1.0,0.0,1,False,0.0,0.0,4,False,0.0,0.0,314,0.0,0.18668781220912933,-0.03492355719208717,-0.9817983508110046,0.5833333333333334,0.5833333333333334,2.78328013420105,1.420687599107623,-2.7839717864990234,1.7133915987080084,True,True,True,True,0.10324270650744438,0.008971281039218107,0.16666666666666666,0.5800000476837158,0.2706541638790319
0.0029848634352133913,0.5833333333333334,0.0,0.0,0.0,0.0,0.008368894457817078,0.005141600214058448,0.5756698670142598,0.27211415244171566,0.0,2381.551503461,1.0,0.0,1,False,0.0,0.0,4,False,0.0,0.0,314,0.0,0.1841551661491394,-0.03682171180844307,-0.9822072386741638,0.5833333333333334,0.5833333333333334,2.7734243869781494,1.4216589778661728,-2.7709109783172607,1.709332162377433,True,True,True,True,0.10324270650744438,0.009071490727365017,0.16666666666666666,0.5800000476837158,0.2724847267506023
0.003128522480846085,0.5833333333333334,0.0,0.0,0.0,0.0,0.008368894457817078,0.005141600214058448,0.5756698670142598,0.2697428897603556,0.0,2381.572845508,1.0,0.0,1,False,0.0,0.0,4,False,0.0,0.0,316,0.0,0.18548503518104553,-0.03396403044462204,-0.9820599555969238,0.5833333333333334,0.5833333333333334,2.777472734451294,1.4210440274327993,-2.7844512462615967,1.7139246978920981,True,True,True,True,0.10324270650744438,0.00893790926784277,0.16666666666666666,0.5800000476837158,0.27011346406924225
0.0036412148756637935,0.5833333333333334,0.0,0.0,0.0,0.0,0.008368894457817078,0.005141600214058448,0.5756698670142598,0.2702070672955816,0.0,2381.592715618,1.0,0.0,1,False,0.0,0.0,4,False,0.0,0.0,317,0.0,0.1839115023612976,-0.03535166010260582,-0.9823068976402283,0.5833333333333334,0.5833333333333334,2.7728257179260254,1.4173376187682152,-2.775888681411743,1.707685639841995,True,True,True,True,0.10324270650744438,0.009082444322605928,0.16666666666666666,0.5800000476837158,0.27057764160446823
0.004007743942135508,0.5833333333333334,0.0,0.0,0.0,0.0,0.008368894457817078,0.005141600214058448,0.5756698670142598,0.2712918383804912,0.0,2381.61268343,1.0,0.0,1,False,0.0,0.0,4,False,0.0,0.0,318,0.0,0.18663212656974792,-0.036550119519233704,-0.9817497134208679,0.5833333333333334,0.5833333333333334,2.781013011932373,1.4209102721263964,-2.7790212631225586,1.7119895303803343,True,True,True,True,0.10324270650744438,0.009077919957538446,0.16666666666666666,0.5800000476837158,0.27166241268937785
0.0027347758853328435,0.5833333333333334,0.0,0.0,0.0,0.0,0.008368894457817078,0.005141600214058448,0.5756698670142598,0.26969398865070987,0.0,2381.632745736,1.0,0.0,1,False,0.0,0.0,4,False,0.0,0.0,319,0.0,0.18625663220882416,-0.03447064757347107,-0.9818962216377258,0.5833333333333334,0.5833333333333334,2.780298948287964,1.419962100063761,-2.7833971977233887,1.7134588256281156,True,True,True,True,0.10324270650744438,0.008963367901742458,0.16666666666666666,0.5800000476837158,0.2700645629595965
0.0020486471413021026,0.5833333333333334,0.0,0.0,0.0,0.0,0.008368894457817078,0.005141600214058448,0.5756698670142598,0.26897901068036306,0.0,2381.651570297,1.0,0.0,1,False,0.0,0.0,4,False,0.0,0.0,319,0.0,0.18474435806274414,-0.03428785502910614,-0.9821882843971252,0.5833333333333334,0.5833333333333334,2.778010368347168,1.4164178998519976,-2.7821528911590576,1.7098299390051177,True,True,True,True,0.10324270650744438,0.008977330289781094,0.16666666666666666,0.5800000476837158,0.2693495849892497
0.0029933204594659556,0.5833333333333334,0.0,0.0,0.0,0.0,0.008368894457817078,0.005141600214058448,0.5756698670142598,0.2713508271882141,0.0,2381.672940049,1.0,0.0,1,False,0.0,0.0,4,False,0.0,0.0,321,0.0,0.1862274557352066,-0.03703596815466881,-0.9818083643913269,0.5833333333333334,0.5833333333333334,2.7820847034454346,1.4198502339422703,-2.7774531841278076,1.7103833346271164,True,True,True,True,0.10324270650744438,0.009078566916286945,0.16666666666666666,0.5800000476837158,0.2717214014971008
0.004647247430717088,0.5833333333333334,0.0,0.0,0.0,0.0,0.008368894457817078,0.005141600214058448,0.5756698670142598,0.27172529119592953,0.0,2381.692747165,1.0,0.0,1,False,0.0,0.0,4,False,0.0,0.0,322,0.0,0.18698479235172272,-0.03615806996822357,-0.981697142124176,0.5833333333333334,0.5833333333333334,2.7817907333374023,1.4239502809941769,-2.7796709537506104,1.7143794318012047,True,True,True,True,0.10324270650744438,0.009036843044062456,0.16666666666666666,0.5800000476837158,0.2720958655048162
0.0037177758308295913,0.5833333333333334,0.0,0.0,0.0,0.0,0.008368894457817078,0.005141600214058448,0.5756698670142598,0.27261393389569766,0.0,2381.712742391,1.0,0.0,1,False,0.0,0.0,4,False,0.0,0.0,323,0.0,0.18447791039943695,-0.036753326654434204,-0.9821492433547974,0.5833333333333334,0.5833333333333334,2.7714834213256836,1.42398970015347,-2.7710535526275635,1.711127312705729,True,True,True,True,0.10324270650744438,0.009076949519415697,0.16666666666666666,0.5800000476837158,0.2729845082045843
0.0036476619918966607,0.5833333333333334,0.0,0.0,0.0,0.0,0.008368894457817078,0.005141600214058448,0.5756698670142598,0.2727111194242244,0.0,2381.731543329,1.0,0.0,1,False,0.0,0.0,4,False,0.0,0.0,323,0.0,0.18463407456874847,-0.03655458986759186,-0.98212730884552,0.5833333333333334,0.5833333333333334,2.771083354949951,1.4253278393298388,-2.772125244140625,1.7120029526565175,True,True,True,True,0.10324270650744438,0.00906170749415954,0.16666666666666666,0.5800000476837158,0.27308169373311103
0.0032927632094072587,0.5833333333333334,0.0,0.0,0.0,0.0,0.008368894457817078,0.005141600214058448,0.5756698670142598,0.27297649862770784,0.0,2381.752701056,1.0,0.0,1,False,0.0,0.0,4,False,0.0,0.0,325,0.0,0.18401111662387848,-0.03672139346599579,-0.9822379946708679,0.5833333333333334,0.5833333333333334,2.7691776752471924,1.4251919190088909,-2.770205020904541,1.7112787575554522,True,True,True,True,0.10324270650744438,0.009052536450326443,0.16666666666666666,0.5800000476837158,0.2733470729365945
0.0025380194582565255,0.5833333333333334,0.0,0.0,0.0,0.0,0.008368894457817078,0.005141600214058448,0.5756698670142598,0.2716227943347598,0.0,2381.7732577,1.0,0.0,1,False,0.0,0.0,4,False,0.0,0.0,326,0.0,0.18610472977161407,-0.03545510396361351,-0.9818900227546692,0.5833333333333334,0.5833333333333334,2.7786734104156494,1.4248934189478557,-2.780829429626465,1.7151742129185783,True,True,True,True,0.10324270650744438,0.008937927894294262,0.16666666666666666,0.5800000476837158,0.2719933686436464
0.001109078806478485,0.5833333333333334,0.0,0.0,0.0,0.0,0.008368894457817078,0.005141600214058448,0.5756698670142598,0.2705044791061883,0.0,2381.792847831,1.0,0.0,1,False,0.0,0.0,4,False,0.0,0.0,327,0.0,0.18468154966831207,-0.03483769670128822,-0.9821807742118835,0.5833333333333334,0.5833333333333334,2.7762725353240967,1.4209812358021736,-2.7794015407562256,1.711963653239412,True,True,True,True,0.10324270650744438,0.008927457345028719,0.16666666666666666,0.5800000476837158,0.27087505341507495
0.0020050574077241706,0.5833333333333334,0.0,0.0,0.0,0.0,0.008368894457817078,0.005141600214058448,0.5756698670142598,0.2706509745173608,0.0,2381.812661654,1.0,0.0,1,False,0.0,0.0,4,False,0.0,0.0,328,0.0,0.18616706132888794,-0.03554506599903107,-0.981874942779541,0.5833333333333334,0.5833333333333334,2.7827465534210205,1.4209139837572973,-2.7826590538024902,1.7129449697539323,True,True,True,True,0.10324270650744438,0.008955449176331362,0.16666666666666666,0.5800000476837158,0.27102154882624746
0.002207414296745366,0.5833333333333334,0.0,0.0,0.0,0.0,0.008368894457817078,0.005141600214058448,0.5756698670142598,0.27097346133457667,0.0,2381.832681671,1.0,0.0,1,False,0.0,0.0,4,False,0.0,0.0,329,0.0,0.18604522943496704,-0.03572187200188637,-0.9818916320800781,0.5833333333333334,0.5833333333333334,2.782399892807007,1.4217810320357482,-2.7807278633117676,1.7134089795892913,True,True,True,True,0.10324270650744438,0.008941919542849064,0.16666666666666666,0.5800000476837158,0.2713440356434633
0.0037830826935281625,0.5833333333333334,0.0,0.0,0.0,0.0,0.008368894457817078,0.005141600214058448,0.5756698670142598,0.27017129923122174,0.0,2381.851603641,1.0,0.0,1,False,0.0,0.0,4,False,0.0,0.0,329,0.0,0.1851639598608017,-0.03452622517943382,-0.9821009635925293,0.5833333333333334,0.5833333333333334,2.779176950454712,1.4209326623628538,-2.7821438312530518,1.712707894272576,True,True,True,True,0.10324270650744438,0.008944687433540821,0.16666666666666666,0.5800000476837158,0.2705418735401084
0.003429571180196422,0.5833333333333334,0.0,0.0,0.0,0.0,0.008368894457817078,0.005141600214058448,0.5756698670142598,0.2697147157002692,0.0,2381.872750869,1.0,0.0,1,False,0.0,0.0,4,False,0.0,0.0,331,0.0,0.18514657020568848,-0.03475309535861015,-0.9820961952209473,0.5833333333333334,0.5833333333333334,2.777785301208496,1.4179514745871227,-2.7811217308044434,1.7100435546464472,True,True,True,True,0.10324270650744438,0.009021376880506674,0.16666666666666666,0.5800000476837158,0.2700852900091559
0.0025482024939419484,0.5833333333333334,0.0,0.0,0.0,0.0,0.008368894457817078,0.005141600214058448,0.5756698670142598,0.27130704835272873,0.0,2381.892675225,1.0,0.0,1,False,0.0,0.0,4,False,0.0,0.0,332,0.0,0.1857336461544037,-0.036710068583488464,-0.9819141626358032,0.5833333333333334,0.5833333333333334,2.779343843460083,1.4199694972485304,-2.7760932445526123,1.7102019411113167,True,True,True,True,0.10324270650744438,0.00906337145715952,0.16666666666666666,0.5800000476837158,0.2716776226616154
0.003081836530985032,0.5833333333333334,0.0,0.0,0.0,0.0,0.008368894457817078,0.005141600214058448,0.5756698670142598,0.27283442707637495,0.0,2381.912704575,1.0,0.0,1,False,0.0,0.0,4,False,0.0,0.0,333,0.0,0.18467338383197784,-0.03706168755888939,-0.9821009039878845,0.5833333333333334,0.5833333333333334,2.774909019470215,1.4249697756022215,-2.771239995956421,1.7118380917375766,True,True,True,True,0.10324270650744438,0.009030367868642012,0.16666666666666666,0.5800000476837158,0.2732050013852616
0.0047917617234304166,0.5833333333333334,0.0,0.0,0.0,0.0,0.008368894457817078,0.005141600214058448,0.5756698670142598,0.27103763628966654,0.0,2381.932631556,1.0,0.0,1,False,0.0,0.0,4,False,0.0,0.0,334,0.0,0.18493227660655975,-0.034537430852651596,-0.9821441769599915,0.5833333333333334,0.5833333333333334,2.775423765182495,1.4240133507798116,-2.7807018756866455,1.7139696863938032,True,True,True,True,0.10324270650744438,0.008941689816613993,0.16666666666666666,0.5800000476837158,0.2714082105985532
0.0035214249685465936,0.5833333333333334,0.0,0.0,0.0,0.0,0.008368894457817078,0.005141600214058448,0.5756698670142598,0.27044162608588285,0.0,2381.952675196,1.0,0.0,1,False,0.0,0.0,4,False,0.0,0.0,335,0.0,0.18443606793880463,-0.03499283641576767,-0.9822213649749756,0.5833333333333334,0.5833333333333334,2.774146556854248,1.419366708646218,-2.778111219406128,1.7097157843507147,True,True,True,True,0.10324270650744438,0.009024621608356634,0.16666666666666666,0.5800000476837158,0.2708122003947695
0.0018544250233904866,0.5833333333333334,0.0,0.0,0.0,0.0,0.008368894457817078,0.005141600214058448,0.5756698670142598,0.2702706121333395,0.0,2381.971415763,1.0,0.0,1,False,0.0,0.0,4,False,0.0,0.0,335,0.0,0.1858779788017273,-0.035433828830718994,-0.9819337129592896,0.5833333333333334,0.5833333333333334,2.780674934387207,1.4193512940158446,-2.7809555530548096,1.7116312040732344,True,True,True,True,0.10324270650744438,0.00897983368486166,0.16666666666666666,0.5800000476837158,0.2706411864422262
0.0029754395653166627,0.5833333333333334,0.0,0.0,0.0,0.0,0.008368894457817078,0.005141600214058448,0.5756698670142598,0.2682468526412874,0.0,2381.992845012,1.0,0.0,1,False,0.0,0.0,4,False,0.0,0.0,337,0.0,0.1856999695301056,-0.033440809696912766,-0.9820373058319092,0.5833333333333334,0.5833333333333334,2.780315399169922,1.4162917649373412,-2.7867343425750732,1.7115824259954744,True,True,True,True,0.10324270650744438,0.00896030260870854,0.16666666666666666,0.5800000476837158,0.26861742695017404
0.0013078579421315333,0.5833333333333334,0.0,0.0,0.0,0.0,0.008368894457817078,0.005141600214058448,0.5756698670142598,0.2685430347956548,0.0,2382.012685083,1.0,0.0,1,False,0.0,0.0,4,False,0.0,0.0,338,0.0,0.18616268038749695,-0.03479192405939102,-0.9819027185440063,0.5833333333333334,0.5833333333333334,2.785402536392212,1.4143882701173425,-2.78487491607666,1.7098499666369542,True,True,True,True,0.10324270650744438,0.008964248932898045,0.16666666666666666,0.5800000476837158,0.26891360910454143
0.002440506058586213,0.5833333333333334,0.0,0.0,0.0,0.0,0.008368894457817078,0.005141600214058448,0.5756698670142598,0.26880136784536934,0.0,2382.03168784,1.0,0.0,1,False,0.0,0.0,4,False,0.0,0.0,338,0.0,0.18623405694961548,-0.03477907180786133,-0.9818896651268005,0.5833333333333334,0.5833333333333334,2.784754991531372,1.4160345466807485,-2.785069704055786,1.7110790311219997,True,True,True,True,0.10324270650744438,0.008978318112591902,0.16666666666666666,0.5800000476837158,0.269171942154256
0.002685165933288103,0.5833333333333334,0.0,0.0,0.0,0.0,0.008368894457817078,0.005141600214058448,0.5756698670142598,0.2686920979407757,0.0,2382.05288523,1.0,0.0,1,False,0.0,0.0,4,False,0.0,0.0,340,0.0,0.1861221045255661,-0.03463168442249298,-0.981916069984436,0.5833333333333334,0.5833333333333334,2.7838234901428223,1.4157974397142727,-2.7848939895629883,1.7108972354666925,True,True,True,True,0.10324270650744438,0.008972518456478914,0.16666666666666666,0.5800000476837158,0.26906267224966235
0.003276736048399463,0.5833333333333334,0.0,0.0,0.0,0.0,0.008368894457817078,0.005141600214058448,0.5756698670142598,0.2709261810366516,0.0,2382.072718885,1.0,0.0,1,False,0.0,0.0,4,False,0.0,0.0,341,0.0,0.18497531116008759,-0.03653782233595848,-0.9820637106895447,0.5833333333333334,0.5833333333333334,2.7777535915374756,1.4186449634532134,-2.7755701541900635,1.7089598619313484,True,True,True,True,0.10324270650744438,0.00909799306342999,0.16666666666666666,0.5800000476837158,0.27129675534553827
0.0029170147133431718,0.5833333333333334,0.0,0.0,0.0,0.0,0.008368894457817078,0.005141600214058448,0.5756698670142598,0.27023968880901283,0.0,2382.092701279,1.0,0.0,1,False,0.0,0.0,4,False,0.0,0.0,342,0.0,0.18587948381900787,-0.03499225154519081,-0.9819492697715759,0.5833333333333334,0.5833333333333334,2.780682325363159,1.4209071348110835,-2.781611204147339,1.7130365032347827,True,True,True,True,0.10324270650744438,0.008957899796466032,0.16666666666666666,0.5800000476837158,0.2706102631178995
0.004378281644296542,0.5833333333333334,0.0,0.0,0.0,0.0,0.008368894457817078,0.005141600214058448,0.5756698670142598,0.27004364269069875,0.0,2382.112658883,1.0,0.0,1,False,0.0,0.0,4,False,0.0,0.0,343,0.0,0.18590517342090607,-0.03502519801259041,-0.9819432497024536,0.5833333333333334,0.5833333333333334,2.779329538345337,1.4190067686140537,-2.7822892665863037,1.7111746937218917,True,True,True,True,0.10324270650744438,0.00905396199474732,0.16666666666666666,0.5800000476837158,0.2704142169995854
0.004802536103746564,0.5833333333333334,0.0,0.0,0.0,0.0,0.008368894457817078,0.005141600214058448,0.5756698670142598,0.2711243170428231,0.0,2382.13270544,1.0,0.0,1,False,0.0,0.0,4,False,0.0,0.0,344,0.0,0.18448033928871155,-0.03610413148999214,-0.9821728467941284,0.5833333333333334,0.5833333333333334,2.7742788791656494,1.4194832425564528,-2.7728049755096436,1.7083443350696506,True,True,True,True,0.10324270650744438,0.0090953071291248,0.16666666666666666,0.5800000476837158,0.27149489135170973
0.001766907754059913,0.5833333333333334,0.0,0.0,0.0,0.0,0.008368894457817078,0.005141600214058448,0.5756698670142598,0.2706099557339355,0.0,2382.152888778,1.0,0.0,1,False,0.0,0.0,4,False,0.0,0.0,345,0.0,0.18594254553318024,-0.03553109988570213,-0.9819179773330688,0.5833333333333334,0.5833333333333334,2.7800536155700684,1.4210465705643098,-2.7807960510253906,1.7128287202094592,True,True,True,True,0.10324270650744438,0.008954921426872412,0.16666666666666666,0.5800000476837158,0.27098053004282213
0.0018218941770752899,0.5833333333333334,0.0,0.0,0.0,0.0,0.008368894457817078,0.005141600214058448,0.5756698670142598,0.2714940006493732,0.0,2382.173243604,1.0,0.0,1,False,0.0,0.0,4,False,0.0,0.0,346,0.0,0.18474948406219482,-0.03614100068807602,-0.9821208715438843,0.5833333333333334,0.5833333333333334,2.777381181716919,1.4220374928166468,-2.776118278503418,1.7113637133791049,True,True,True,True,0.10324270650744438,0.008981045645972094,0.16666666666666666,0.5800000476837158,0.27186457495825983
0.0029762636592092643,0.5833333333333334,0.0,0.0,0.0,0.0,0.008368894457817078,0.005141600214058448,0.5756698670142598,0.27190901521808947,0.0,2382.192670996,1.0,0.0,1,False,0.0,0.0,4,False,0.0,0.0,347,0.0,0.18747501075267792,-0.03636068105697632,-0.9815961718559265,0.5833333333333334,0.5833333333333334,2.7847063541412354,1.4246586685379345,-2.7824761867523193,1.7155565320407113,True,True,True,True,0.10324270650744438,0.008983001423378786,0.16666666666666666,0.5800000476837158,0.2722795895269761
0.0023780692930268996,0.5833333333333334,0.0,0.0,0.0,0.0,0.008368894457817078,0.005141600214058448,0.5756698670142598,0.27002509470313335,0.0,2382.21265689,1.0,0.0,1,False,0.0,0.0,4,False,0.0,0.0,348,0.0,0.1868620067834854,-0.03431679308414459,-0.9817866086959839,0.5833333333333334,0.5833333333333334,2.7837138175964355,1.4217193977286418,-2.785447359085083,1.7152215404889033,True,True,True,True,0.10324270650744438,0.008896620012819767,0.16666666666666666,0.5800000476837158,0.27039566901202
0.003388245593533352,0.5833333333333334,0.0,0.0,0.0,0.0,0.008368894457817078,0.005141600214058448,0.5756698670142598,0.26822724996971137,0.0,2382.232629952,1.0,0.0,1,False,0.0,0.0,4,False,0.0,0.0,349,0.0,0.18588262796401978,-0.03340943157672882,-0.9820038080215454,0.5833333333333334,0.5833333333333334,2.7810144424438477,1.4157859751333792,-2.7877445220947266,1.7113718498903723,True,True,True,True,0.10324270650744438,0.00897607859224081,0.16666666666666666,0.5800000476837158,0.268597824278598
0.0034596522458400576,0.5833333333333334,0.0,0.0,0.0,0.0,0.008368894457817078,0.005141600214058448,0.5756698670142598,0.2677381197803795,0.0,2382.251571463,1.0,0.0,1,False,0.0,0.0,4,False,0.0,0.0,349,0.0,0.18435364961624146,-0.0337991937994957,-0.9822786450386047,0.5833333333333334,0.5833333333333334,2.7772884368896484,1.4119020256524284,-2.7816529273986816,1.706525607304701,True,True,True,True,0.10324270650744438,0.009042769360045591,0.16666666666666666,0.5800000476837158,0.26810869408926613
0.0028101970823586854,0.5833333333333334,0.0,0.0,0.0,0.0,0.008368894457817078,0.005141600214058448,0.5756698670142598,0.2676924613031079,0.0,2382.272797435,1.0,0.0,1,False,0.0,0.0,4,False,0.0,0.0,351,0.0,0.18460224568843842,-0.034071918576955795,-0.9822225570678711,0.5833333333333334,0.5833333333333334,2.780327796936035,1.4120163998256128,-2.7830522060394287,1.7071631832527174,True,True,True,True,0.10324270650744438,0.008996806107461452,0.16666666666666666,0.5800000476837158,0.26806303561199457
0.0036987462431946655,0.5833333333333334,0.0,0.0,0.0,0.0,0.008368894457817078,0.005141600214058448,0.5756698670142598,0.2683834435144891,0.0,2382.292767871,1.0,0.0,1,False,0.0,0.0,4,False,0.0,0.0,352,0.0,0.1856093555688858,-0.03470189496874809,-0.9820106625556946,0.5833333333333334,0.5833333333333334,2.7826015949249268,1.4136687905217211,-2.7841031551361084,1.7084691574385384,True,True,True,True,0.10324270650744438,0.009048829165597757,0.16666666666666666,0.5800000476837158,0.26875401782337577
0.002765005075055261,0.5833333333333334,0.0,0.0,0.0,0.0,0.008368894457817078,0.005141600214058448,0.5756698670142598,0.2692511817089423,0.0,2382.312652856,1.0,0.0,1,False,0.0,0.0,4,False,0.0,0.0,353,0.0,0.18417209386825562,-0.03513849154114723,-0.9822657108306885,0.5833333333333334,0.5833333333333334,2.776520013809204,1.4150906441112359,-2.7772939205169678,1.7073436116453522,True,True,True,True,0.10324270650744438,0.009051586501300335,0.16666666666666666,0.5800000476837158,0.26962175601782895
0.0021564184223882422,0.5833333333333334,0.0,0.0,0.0,0.0,0.008368894457817078,0.005141600214058448,0.5756698670142598,0.26968643306349266,0.0,2382.332566422,1.0,0.0,1,False,0.0,0.0,4,False,0.0,0.0,354,0.0,0.1828761100769043,-0.034960467368364334,-0.9825141429901123,0.5833333333333334,0.5833333333333334,2.772824287414551,1.4169794141004484,-2.775799036026001,1.7077002590691082,True,True,True,True,0.10324270650744438,0.00899095181375742,0.16666666666666666,0.5800000476837158,0.2700570073723793
0.0028633036302893175,0.5833333333333334,0.0,0.0,0.0,0.0,0.008368894457817078,0.005141600214058448,0.5756698670142598,0.2692987330217366,0.0,2382.352858836,1.0,0.0,1,False,0.0,0.0,4,False,0.0,0.0,355,0.0,0.18450407683849335,-0.034485504031181335,-0.982226550579071,0.5833333333333334,0.5833333333333334,2.7785708904266357,1.4174805358052254,-2.782656669616699,1.7102375262608498,True,True,True,True,0.10324270650744438,0.008959997134904066,0.16666666666666666,0.5800000476837158,0.2696693073306233
0.0036235839001921466,0.5833333333333334,0.0,0.0,0.0,0.0,0.008368894457817078,0.005141600214058448,0.5756698670142598,0.26973233011456377,0.0,2382.372788442,1.0,0.0,1,False,0.0,0.0,4,False,0.0,0.0,355,0.0,0.18469302356243134,-0.035096440464258194,-0.9821693897247314,0.5833333333333334,0.5833333333333334,2.7776379585266113,1.4170706650863092,-2.7793819904327393,1.7088500724114533,True,True,True,True,0.10324270650744438,0.00903997104614973,0.16666666666666666,0.5800000476837158,0.2701029044234504
0.0032413885022491485,0.5833333333333334,0.0,0.0,0.0,0.0,0.008368894457817078,0.005141600214058448,0.5756698670142598,0.2691972149029826,0.0,2382.392783962,1.0,0.0,1,False,0.0,0.0,4,False,0.0,0.0,357,0.0,0.1855459213256836,-0.034527093172073364,-0.9820288419723511,0.5833333333333334,0.5833333333333334,2.7811930179595947,1.4172243966410558,-2.7831027507781982,1.7108326809573415,True,True,True,True,0.10324270650744438,0.008973072282969952,0.16666666666666666,0.5800000476837158,0.26956778921186925
0.0034074481681890495,0.5833333333333334,0.0,0.0,0.0,0.0,0.008368894457817078,0.005141600214058448,0.5756698670142598,0.26912294053067315,0.0,2382.412625493,1.0,0.0,1,False,0.0,0.0,4,False,0.0,0.0,358,0.0,0.18429303169250488,-0.034444719552993774,-0.9822676181793213,0.5833333333333334,0.5833333333333334,2.7779579162597656,1.4163157908866804,-2.7806997299194336,1.7090191935270655,True,True,True,True,0.10324270650744438,0.008982799015939236,0.16666666666666666,0.5800000476837158,0.2694935148395598
0.0039582588451086975,0.5833333333333334,0.0,0.0,0.0,0.0,0.008368894457817078,0.005141600214058448,0.5756698670142598,0.269193706610844,0.0,2382.432550143,1.0,0.0,1,False,0.0,0.0,4,False,0.0,0.0,359,0.0,0.18589544296264648,-0.034824151545763016,-0.9819522500038147,0.5833333333333334,0.5833333333333334,2.7814266681671143,1.4164929175749421,-2.7837281227111816,1.7100910181516735,True,True,True,True,0.10324270650744438,0.009042968663076559,0.16666666666666666,0.5800000476837158,0.26956428091973067
0.003765937747428193,0.5833333333333334,0.0,0.0,0.0,0.0,0.008368894457817078,0.005141600214058448,0.5756698670142598,0.2682803657796686,0.0,2382.451413494,1.0,0.0,1,False,0.0,0.0,4,False,0.0,0.0,359,0.0,0.1843702346086502,-0.03387526422739029,-0.9822729229927063,0.5833333333333334,0.5833333333333334,2.7757065296173096,1.4139741730565827,-2.7807271480560303,1.707654413429306,True,True,True,True,0.10324270650744438,0.009042838277916113,0.16666666666666666,0.5800000476837158,0.2686509400885552
0.0030468477816662136,0.5833333333333334,0.0,0.0,0.0,0.0,0.008368894457817078,0.005141600214058448,0.5756698670142598,0.2681296191913838,0.0,2382.472868118,1.0,0.0,1,False,0.0,0.0,4,False,0.0,0.0,361,0.0,0.1847631335258484,-0.034286122769117355,-0.9821848273277283,0.5833333333333334,0.5833333333333334,2.778536558151245,1.412953907623887,-2.7827186584472656,1.707606277463324,True,True,True,True,0.10324270650744438,0.00904133077710867,0.16666666666666666,0.5800000476837158,0.26850019350027043
0.0029606753790040233,0.5833333333333334,0.0,0.0,0.0,0.0,0.008368894457817078,0.005141600214058448,0.5756698670142598,0.26844384521616793,0.0,2382.492768269,1.0,0.0,1,False,0.0,0.0,4,False,0.0,0.0,362,0.0,0.18577925860881805,-0.03465225175023079,-0.9819802641868591,0.5833333333333334,0.5833333333333334,2.78316593170166,1.4142400622367859,-2.7841956615448,1.7094245335022764,True,True,True,True,0.10324270650744438,0.00901479305078586,0.16666666666666666,0.5800000476837158,0.2688144195250546
0.002936997442148938,0.5833333333333334,0.0,0.0,0.0,0.0,0.008368894457817078,0.005141600214058448,0.5756698670142598,0.26782521089754546,0.0,2382.512647714,1.0,0.0,1,False,0.0,0.0,4,False,0.0,0.0,363,0.0,0.18435704708099365,-0.03372202068567276,-0.9822806715965271,0.5833333333333334,0.5833333333333334,2.7779834270477295,1.4132418949157,-2.782710313796997,1.7079763201006164,True,True,True,True,0.10324270650744438,0.00900515199949344,0.16666666666666666,0.5800000476837158,0.2681957852064321
0.004063832416532388,0.5833333333333334,0.0,0.0,0.0,0.0,0.008368894457817078,0.005141600214058448,0.5756698670142598,0.2679759700567441,0.0,2382.533439719,1.0,0.0,1,False,0.0,0.0,4,False,0.0,0.0,364,0.0,0.18516328930854797,-0.03437122330069542,-0.9821065068244934,0.5833333333333334,0.5833333333333334,2.7794671058654785,1.4122957012926538,-2.7835679054260254,1.707287610631087,True,True,True,True,0.10324270650744438,0.00907896552234888,0.16666666666666666,0.5800000476837158,0.2683307022601366
0.0028524908736802697,0.5833333333333334,0.0,0.0,0.0,0.0,0.008368894457817078,0.005141600214058448,0.5756698670142598,0.2692625693781132,0.0,2382.552636421,1.0,0.0,1,False,0.0,0.0,4,False,0.0,0.0,365,0.0,0.18302977085113525,-0.035347890108823776,-0.9824717044830322,0.5833333333333334,0.5833333333333334,2.7722489833831787,1.413761267438531,-2.7732460498809814,1.704855841963155,True,True,True,True,0.10324270650744438,0.009092787591119608,0.16666666666666666,0.5800000476837158,0.26963314368699987
0.002850549423027329,0.5833333333333334,0.0,0.0,0.0,0.0,0.008368894457817078,0.005141600214058448,0.5756698670142598,0.2706707214275206,0.0,2382.572644482,1.0,0.0,1,False,0.0,0.0,4,False,0.0,0.0,366,0.0,0.1859283298254013,-0.03630725294351578,-0.9818922877311707,0.5833333333333334,0.5833333333333334,2.7814536094665527,1.4194701009740431,-2.779721975326538,1.71092478928261,True,True,True,True,0.10324270650744438,0.00904322632898887,0.16666666666666666,0.5800000476837158,0.27104129573640723
0.003244476222354042,0.5833333333333334,0.0,0.0,0.0,0.0,0.008368894457817078,0.005141600214058448,0.5756698670142598,0.2693040677150542,0.0,2382.592732745,1.0,0.0,1,False,0.0,0.0,4,False,0.0,0.0,367,0.0,0.18528428673744202,-0.03412666544318199,-0.9820922017097473,0.5833333333333334,0.5833333333333334,2.77836012840271,1.4185034427791834,-2.7828080654144287,1.7116671176213163,True,True,True,True,0.10324270650744438,0.00897704033801953,0.16666666666666666,0.5800000476837158,0.26967464202394087
0.0024453954965624482,0.5833333333333334,0.0,0.0,0.0,0.0,0.008368894457817078,0.005141600214058448,0.5756698670142598,0.26856728709518457,0.0,2382.612639896,1.0,0.0,1,False,0.0,0.0,4,False,0.0,0.0,368,0.0,0.18382973968982697,-0.03401976078748703,-0.9823692440986633,0.5833333333333334,0.5833333333333334,2.775052785873413,1.4146502676109474,-2.7805376052856445,1.7077395555545052,True,True,True,True,0.10324270650744438,0.009001831524074078,0.16666666666666666,0.5800000476837158,0.2689378614040712
0.0019014053824613457,0.5833333333333334,0.0,0.0,0.0,0.0,0.008368894457817078,0.005141600214058448,0.5756698670142598,0.2684193853093142,0.0,2382.632548214,1.0,0.0,1,False,0.0,0.0,4,False,0.0,0.0,369,0.0,0.18371835350990295,-0.03431675210595131,-0.9823797345161438,0.5833333333333334,0.5833333333333334,2.7758266925811768,1.4136394715557496,-2.780236005783081,1.7070181583585418,True,True,True,True,0.10324270650744438,0.009004821690420309,0.16666666666666666,0.5800000476837158,0.26878995961820085
0.0018618061028569499,0.5833333333333334,0.0,0.0,0.0,0.0,0.008368894457817078,0.005141600214058448,0.5756698670142598,0.26798200103204245,0.0,2382.652854629,1.0,0.0,1,False,0.0,0.0,4,False,0.0,0.0,370,0.0,0.18585963547229767,-0.0341586098074913,-0.9819823503494263,0.5833333333333334,0.5833333333333334,2.7840921878814697,1.4139483325804274,-2.7869391441345215,1.7100896864088495,True,True,True,True,0.10324270650744438,0.008965693724652132,0.16666666666666666,0.5800000476837158,0.2683525753409291
0.0019796787402454963,0.5833333333333334,0.0,0.0,0.0,0.0,0.008368894457817078,0.005141600214058448,0.5756698670142598,0.268138885773391,0.0,2382.672694993,1.0,0.0,1,False,0.0,0.0,4,False,0.0,0.0,371,0.0,0.18559318780899048,-0.034305740147829056,-0.9820276498794556,0.5833333333333334,0.5833333333333334,2.7842588424682617,1.413930954101185,-2.785029411315918,1.7095743520268667,True,True,True,True,0.10324270650744438,0.008964067014555136,0.16666666666666666,0.5800000476837158,0.26850946008227766
0.001802781611402271,0.5833333333333334,0.0,0.0,0.0,0.0,0.008368894457817078,0.005141600214058448,0.5756698670142598,0.26831515816721613,0.0,2382.692663098,1.0,0.0,1,False,0.0,0.0,4,False,0.0,0.0,372,0.0,0.18549425899982452,-0.034341320395469666,-0.9820451140403748,0.5833333333333334,0.5833333333333334,2.784160614013672,1.41472203998516,-2.7852303981781006,1.7100761761011802,True,True,True,True,0.10324270650744438,0.00894886658837398,0.16666666666666666,0.5800000476837158,0.2686857324761028
0.0027617872193536766,0.5833333333333334,0.0,0.0,0.0,0.0,0.008368894457817078,0.005141600214058448,0.5756698670142598,0.269039503574044,0.0,2382.712703532,1.0,0.0,1,False,0.0,0.0,4,False,0.0,0.0,373,0.0,0.18447482585906982,-0.03481942042708397,-0.9822202920913696,0.5833333333333334,0.5833333333333334,2.77885365486145,1.4154398596535127,-2.7805116176605225,1.7083845052104938,True,True,True,True,0.10324270650744438,0.009018296065429846,0.16666666666666666,0.5800000476837158,0.26941007788293064
0.0026324449945900052,0.5833333333333334,0.0,0.0,0.0,0.0,0.008368894457817078,0.005141600214058448,0.5756698670142598,0.26944335810434866,0.0,2382.732523481,1.0,0.0,1,False,0.0,0.0,4,False,0.0,0.0,374,0.0,0.1863311380147934,-0.03528367727994919,-0.9818532466888428,0.5833333333333334,0.5833333333333334,2.783322334289551,1.41708012111485,-2.7838242053985596,1.7111821652702441,True,True,True,True,0.10324270650744438,0.009012334359188875,0.16666666666666666,0.5800000476837158,0.2698139324132353
0.003245077998962988,0.5833333333333334,0.0,0.0,0.0,0.0,0.008368894457817078,0.005141600214058448,0.5756698670142598,0.26976324854944694,0.0,2382.751337836,1.0,0.0,1,False,0.0,0.0,4,False,0.0,0.0,374,0.0,0.185273215174675,-0.035233426839113235,-0.9820551872253418,0.5833333333333334,0.5833333333333334,2.7787187099456787,1.417701469734311,-2.7793848514556885,1.7099584014278548,True,True,True,True,0.10324270650744438,0.009033912482360998,0.16666666666666666,0.5800000476837158,0.2701338228583336
0.003668119731796049,0.5833333333333334,0.0,0.0,0.0,0.0,0.008368894457817078,0.005141600214058448,0.5756698670142598,0.2683967376009702,0.0,2382.77276067,1.0,0.0,1,False,0.0,0.0,4,False,0.0,0.0,376,0.0,0.18571653962135315,-0.03375107795000076,-0.9820235371589661,0.5833333333333334,0.5833333333333334,2.781067132949829,1.4160412767281134,-2.785863161087036,1.7108488334669067,True,True,True,True,0.10324270650744438,0.00898260281731685,0.16666666666666666,0.5800000476837158,0.26876731190985687
0.002563246863944284,0.5833333333333334,0.0,0.0,0.0,0.0,0.008368894457817078,0.005141600214058448,0.5756698670142598,0.2685973123141085,0.0,2382.791437368,1.0,0.0,1,False,0.0,0.0,4,False,0.0,0.0,376,0.0,0.18434879183769226,-0.034527361392974854,-0.9822542071342468,0.5833333333333334,0.5833333333333334,2.7785563468933105,1.4139209743589163,-2.7802600860595703,1.707364638692252,True,True,True,True,0.10324270650744438,0.008998489317794641,0.16666666666666666,0.5800000476837158,0.26896788662299514
0.0021004163935132558,0.5833333333333334,0.0,0.0,0.0,0.0,0.008368894457817078,0.005141600214058448,0.5756698670142598,0.2696299060517753,0.0,2382.812706213,1.0,0.0,1,False,0.0,0.0,4,False,0.0,0.0,378,0.0,0.18657220900058746,-0.035646647214889526,-0.9817943572998047,0.5833333333333334,0.5833333333333334,2.7853405475616455,1.417236529601117,-2.784130573272705,1.7113297205277884,True,True,True,True,0.10324270650744438,0.009003648844858011,0.16666666666666666,0.5800000476837158,0.27000048036066193
0.002600833924636048,0.5833333333333334,0.0,0.0,0.0,0.0,0.008368894457817078,0.005141600214058448,0.5756698670142598,0.27067735034877605,0.0,2382.832612781,1.0,0.0,1,False,0.0,0.0,4,False,0.0,0.0,379,0.0,0.1856873780488968,-0.0358872190117836,-0.9819533228874207,0.5833333333333334,0.5833333333333334,2.780909299850464,1.4200849241266649,-2.778871536254883,1.7116170077530612,True,True,True,True,0.10324270650744438,0.009011206217110157,0.16666666666666666,0.5800000476837158,0.2710479246576627
0.0025828611733189418,0.5833333333333334,0.0,0.0,0.0,0.0,0.008368894457817078,0.005141600214058448,0.5756698670142598,0.2711049404109969,0.0,2382.851640621,1.0,0.0,1,False,0.0,0.0,4,False,0.0,0.0,379,0.0,0.18589824438095093,-0.03586543723940849,-0.981914222240448,0.5833333333333334,0.5833333333333334,2.7804815769195557,1.4220427280912797,-2.7795662879943848,1.7128237349276023,True,True,True,True,0.10324270650744438,0.008989517576992512,0.16666666666666666,0.5800000476837158,0.27147551471988357
0.002378783995672061,0.5833333333333334,0.0,0.0,0.0,0.0,0.008368894457817078,0.005141600214058448,0.5756698670142598,0.27123447442022014,0.0,2382.872049694,1.0,0.0,1,False,0.0,0.0,4,False,0.0,0.0,380,0.0,0.18595893681049347,-0.03576047345995903,-0.981906533241272,0.5833333333333334,0.5833333333333334,2.7821381092071533,1.422809970875581,-2.7802042961120605,1.713659720288628,True,True,True,True,0.10324270650744438,0.008920066989958286,0.16666666666666666,0.5800000476837158,0.2716050487291068
0.001749270141112521,0.5833333333333334,0.0,0.0,0.0,0.0,0.008368894457817078,0.005141600214058448,0.5756698670142598,0.2712036520667826,0.0,2382.893170675,1.0,0.0,1,False,0.0,0.0,4,False,0.0,0.0,382,0.0,0.18416360020637512,-0.0354335717856884,-0.9822567105293274,0.5833333333333334,0.5833333333333334,2.7750327587127686,1.4222177527844906,-2.777054786682129,1.711696855158099,True,True,True,True,0.10324270650744438,0.008952712329725424,0.16666666666666666,0.5800000476837158,0.27157422637566925
0.0024822286789769254,0.5833333333333334,0.0,0.0,0.0,0.0,0.008368894457817078,0.005141600214058448,0.5756698670142598,0.2702646850412542,0.0,2382.912588445,1.0,0.0,1,False,0.0,0.0,4,False,0.0,0.0,383,0.0,0.18387435376644135,-0.03465384617447853,-0.9823387265205383,0.5833333333333334,0.5833333333333334,2.7732033729553223,1.4200044739991426,-2.7787508964538574,1.7105408087407232,True,True,True,True,0.10324270650744438,0.008976664083699385,0.16666666666666666,0.5800000476837158,0.2706352593501409
0.0024295846322894415,0.5833333333333334,0.0,0.0,0.0,0.0,0.008368894457817078,0.005141600214058448,0.5756698670142598,0.2692313631645545,0.0,2382.932529718,1.0,0.0,1,False,0.0,0.0,4,False,0.0,0.0,384,0.0,0.1841079592704773,-0.03428158536553383,-0.982308030128479,0.5833333333333334,0.5833333333333334,2.7749814987182617,1.4168295003473759,-2.780658006668091,1.7092739568569115,True,True,True,True,0.10324270650744438,0.008984521341820558,0.16666666666666666,0.5800000476837158,0.26960193747344113
0.0035468922944871723,0.5833333333333334,0.0,0.0,0.0,0.0,0.008368894457817078,0.005141600214058448,0.5756698670142598,0.27002957692585433,0.0,2382.951347865,1.0,0.0,1,False,0.0,0.0,4,False,0.0,0.0,384,0.0,0.18542669713497162,-0.03551105409860611,-0.9820162653923035,0.5833333333333334,0.5833333333333334,2.7808609008789062,1.417874696974953,-2.7807071208953857,1.71019286140192,True,True,True,True,0.10324270650744438,0.009016077034175396,0.16666666666666666,0.5800000476837158,0.270400151234741
0.0026802230453977596,0.5833333333333334,0.0,0.0,0.0,0.0,0.008368894457817078,0.005141600214058448,0.5756698670142598,0.2710830372562463,0.0,2382.972353062,1.0,0.0,1,False,0.0,0.0,4,False,0.0,0.0,385,0.0,0.18706350028514862,-0.03636261075735092,-0.9816746115684509,0.5833333333333334,0.5833333333333334,2.7842977046966553,1.4212666464348633,-2.7811801433563232,1.7132985515575871,True,True,True,True,0.10324270650744438,0.009018710814416409,0.16666666666666666,0.5800000476837158,0.2714536115651329
0.002437578575929562,0.5833333333333334,0.0,0.0,0.0,0.0,0.008368894457817078,0.005141600214058448,0.5756698670142598,0.27053927409367806,0.0,2382.992821631,1.0,0.0,1,False,0.0,0.0,4,False,0.0,0.0,387,0.0,0.18612168729305267,-0.03519359230995178,-0.9818962216377258,0.5833333333333334,0.5833333333333334,2.7804479598999023,1.4214894690861304,-2.7812793254852295,1.7134976199840046,True,True,True,True,0.10324270650744438,0.00897339265793562,0.16666666666666666,0.5800000476837158,0.2709098484025647
0.003977056449616188,0.5833333333333334,0.0,0.0,0.0,0.0,0.008368894457817078,0.005141600214058448,0.5756698670142598,0.27020327541571904,0.0,2383.012597834,1.0,0.0,1,False,0.0,0.0,4,False,0.0,0.0,388,0.0,0.18557068705558777,-0.03502625972032547,-0.9820064306259155,0.5833333333333334,0.5833333333333334,2.77815318107605,1.4196045448382695,-2.780867338180542,1.711199069933547,True,True,True,True,0.10324270650744438,0.009036813241740068,0.16666666666666666,0.5800000476837158,0.2705738497246057
0.004120788200146221,0.5833333333333334,0.0,0.0,0.0,0.0,0.008368894457817078,0.005141600214058448,0.5756698670142598,0.2706530370088125,0.0,2383.03287975,1.0,0.0,1,False,0.0,0.0,4,False,0.0,0.0,389,0.0,0.18423396348953247,-0.0356416180729866,-0.9822359681129456,0.5833333333333334,0.5833333333333334,2.7725319862365723,1.4186232748130958,-2.774315118789673,1.7081826073020898,True,True,True,True,0.10324270650744438,0.0091011185819904,0.16666666666666666,0.5800000476837158,0.27102361131769914
0.0036026367844631275,0.5833333333333334,0.0,0.0,0.0,0.0,0.008368894457817078,0.005141600214058448,0.5756698670142598,0.2705151463197375,0.0,2383.051397209,1.0,0.0,1,False,0.0,0.0,4,False,0.0,0.0,389,0.0,0.1858181208372116,-0.03557261824607849,-0.9819400310516357,0.5833333333333334,0.5833333333333334,2.778646230697632,1.4199006886531909,-2.779392957687378,1.7111258109843033,True,True,True,True,0.10324270650744438,0.009035915446778139,0.16666666666666666,0.5800000476837158,0.27088572062862415
0.004494321906337185,0.5833333333333334,0.0,0.0,0.0,0.0,0.008368894457817078,0.005141600214058448,0.5756698670142598,0.26978717709796673,0.0,2383.072611517,1.0,0.0,1,False,0.0,0.0,4,False,0.0,0.0,391,0.0,0.18661412596702576,-0.03474290296435356,-0.9818187952041626,0.5833333333333334,0.5833333333333334,2.7829384803771973,1.4193045180290937,-2.784423351287842,1.7126246210803142,True,True,True,True,0.10324270650744438,0.008993491219977537,0.16666666666666666,0.5800000476837158,0.2701577514068534
0.003612570295574548,0.5833333333333334,0.0,0.0,0.0,0.0,0.008368894457817078,0.005141600214058448,0.5756698670142598,0.2696568558107271,0.0,2383.091347419,1.0,0.0,1,False,0.0,0.0,4,False,0.0,0.0,391,0.0,0.18763059377670288,-0.0350802019238472,-0.981613039970398,0.5833333333333334,0.5833333333333334,2.7872729301452637,1.4185789537926514,-2.7861411571502686,1.7131097394825385,True,True,True,True,0.10324270650744438,0.008990633922318617,0.16666666666666666,0.5800000476837158,0.2700274301196138
0.002001130979786053,0.5833333333333334,0.0,0.0,0.0,0.0,0.008368894457817078,0.005141600214058448,0.5756698670142598,0.2679857310177589,0.0,2383.112709299,1.0,0.0,1,False,0.0,0.0,4,False,0.0,0.0,393,0.0,0.18656697869300842,-0.03344361484050751,-0.9818728566169739,0.5833333333333334,0.5833333333333334,2.785781145095825,1.4158150224636,-2.7886712551116943,1.7126092824039105,True,True,True,True,0.10324270650744438,0.008905109328528246,0.16666666666666666,0.5800000476837158,0.26835630532664556
0.002930697017247127,0.5833333333333334,0.0,0.0,0.0,0.0,0.008368894457817078,0.005141600214058448,0.5756698670142598,0.2675694460649023,0.0,2383.132692278,1.0,0.0,1,False,0.0,0.0,4,False,0.0,0.0,394,0.0,0.1855708360671997,-0.033590056002140045,-0.9820566177368164,0.5833333333333334,0.5833333333333334,2.7827582359313965,1.412282816755275,-2.7872824668884277,1.7089701526302656,True,True,True,True,0.10324270650744438,0.008995001204311848,0.16666666666666666,0.5800000476837158,0.2677472502233771
0.002119438441586967,0.5833333333333334,0.0,0.0,0.0,0.0,0.008368894457817078,0.005141600214058448,0.5756698670142598,0.26900352860085214,0.0,2383.152578139,1.0,0.0,1,False,0.0,0.0,4,False,0.0,0.0,395,0.0,0.184805765748024,-0.035404272377491,-0.982137143611908,0.5833333333333334,0.5833333333333334,2.7808470726013184,1.4139463612809777,-2.7792394161224365,1.7073716580760738,True,True,True,True,0.10324270650744438,0.009034599177539349,0.16666666666666666,0.5800000476837158,0.2693741029097388
0.002838764113413113,0.5833333333333334,0.0,0.0,0.0,0.0,0.008368894457817078,0.005141600214058448,0.5756698670142598,0.2704915968195056,0.0,2383.172802018,1.0,0.0,1,False,0.0,0.0,4,False,0.0,0.0,396,0.0,0.18640504777431488,-0.036104828119277954,-0.9818093776702881,0.5833333333333334,0.5833333333333334,2.784396171569824,1.4196552019566298,-2.781386613845825,1.7119468090791692,True,True,True,True,0.10324270650744438,0.00901309618105491,0.16666666666666666,0.5800000476837158,0.2708621711283922
0.0034718556996723563,0.5833333333333334,0.0,0.0,0.0,0.0,0.008368894457817078,0.005141600214058448,0.5756698670142598,0.26924002555104143,0.0,2383.191316561,1.0,0.0,1,False,0.0,0.0,4,False,0.0,0.0,396,0.0,0.18427018821239471,-0.03392624109983444,-0.9822899103164673,0.5833333333333334,0.5833333333333334,2.7760519981384277,1.4182069264352322,-2.7808127403259277,1.7104892463463766,True,True,True,True,0.10324270650744438,0.008959466281036535,0.16666666666666666,0.5800000476837158,0.2696105998599281
0.0032464467702807485,0.5833333333333334,0.0,0.0,0.0,0.0,0.008368894457817078,0.005141600214058448,0.5756698670142598,0.2699488165903046,0.0,2383.212593864,1.0,0.0,1,False,0.0,0.0,4,False,0.0,0.0,398,0.0,0.1845703423023224,-0.03541051596403122,-0.982181191444397,0.5833333333333334,0.5833333333333334,2.7764644622802734,1.4169733958939712,-2.778660535812378,1.7082601469871408,True,True,True,True,0.10324270650744438,0.009062118517855803,0.16666666666666666,0.5800000476837158,0.27031939089919127
0.0016108110947894,0.5833333333333334,0.0,0.0,0.0,0.0,0.008368894457817078,0.005141600214058448,0.5756698670142598,0.26865461597124285,0.0,2383.232705459,1.0,0.0,1,False,0.0,0.0,4,False,0.0,0.0,399,0.0,0.18488772213459015,-0.034005433320999146,-0.9821711778640747,0.5833333333333334,0.5833333333333334,2.7790796756744385,1.416197747612993,-2.782857656478882,1.710293905393497,True,True,True,True,0.10324270650744438,0.008939098877211412,0.16666666666666666,0.5800000476837158,0.2690251902801295
0.0027643630333140665,0.5833333333333334,0.0,0.0,0.0,0.0,0.008368894457817078,0.005141600214058448,0.5756698670142598,0.2699201824568664,0.0,2383.252807429,1.0,0.0,1,False,0.0,0.0,4,False,0.0,0.0,400,0.0,0.18504680693149567,-0.03562132641673088,-0.9820839166641235,0.5833333333333334,0.5833333333333334,2.779709577560425,1.4170753999302785,-2.7800867557525635,1.7092528142288652,True,True,True,True,0.10324270650744438,0.009039710275828838,0.16666666666666666,0.5800000476837158,0.27029075676575304
0.003677571941990852,0.5833333333333334,0.0,0.0,0.0,0.0,0.008368894457817078,0.005141600214058448,0.5756698670142598,0.26913060818704015,0.0,2383.272634961,1.0,0.0,1,False,0.0,0.0,4,False,0.0,0.0,401,0.0,0.18614423274993896,-0.034511785954236984,-0.9819161295890808,0.5833333333333334,0.5833333333333334,2.7810206413269043,1.417415460261206,-2.7839672565460205,1.7113995882011561,True,True,True,True,0.10324270650744438,0.009020367947717508,0.16666666666666666,0.5800000476837158,0.2695011824959268
0.003915222323053756,0.5833333333333334,0.0,0.0,0.0,0.0,0.008368894457817078,0.005141600214058448,0.5756698670142598,0.26968003282073433,0.0,2383.291366489,1.0,0.0,1,False,0.0,0.0,4,False,0.0,0.0,401,0.0,0.186139777302742,-0.03541881591081619,-0.9818846583366394,0.5833333333333334,0.5833333333333334,2.7809462547302246,1.4168480535348256,-2.780970573425293,1.709769865956522,True,True,True,True,0.10324270650744438,0.009074639218548933,0.16666666666666666,0.5800000476837158,0.270050607129621
0.0034221464052218878,0.5833333333333334,0.0,0.0,0.0,0.0,0.008368894457817078,0.005141600214058448,0.5756698670142598,0.27108374071523095,0.0,2383.312549882,1.0,0.0,1,False,0.0,0.0,4,False,0.0,0.0,403,0.0,0.18874192237854004,-0.036746807396411896,-0.9813389778137207,0.5833333333333334,0.5833333333333334,2.7895402908325195,1.4211331736296415,-2.783447742462158,1.7141965202835798,True,True,True,True,0.10324270650744438,0.009038391523063183,0.16666666666666666,0.5800000476837158,0.2714543150241176
0.0038049349677522597,0.5833333333333334,0.0,0.0,0.0,0.0,0.008368894457817078,0.005141600214058448,0.5756698670142598,0.2701998992937758,0.0,2383.332476573,1.0,0.0,1,False,0.0,0.0,4,False,0.0,0.0,404,0.0,0.18644240498542786,-0.03474971279501915,-0.9818511605262756,0.5833333333333334,0.5833333333333334,2.7815215587615967,1.4211845273772876,-2.782317876815796,1.7136589636417252,True,True,True,True,0.10324270650744438,0.008977478059629599,0.16666666666666666,0.5800000476837158,0.27057047360266245
0.003162522246122825,0.5833333333333334,0.0,0.0,0.0,0.0,0.008368894457817078,0.005141600214058448,0.5756698670142598,0.2694693202733203,0.0,2383.352686161,1.0,0.0,1,False,0.0,0.0,4,False,0.0,0.0,405,0.0,0.18643490970134735,-0.034694064408540726,-0.9818545579910278,0.5833333333333334,0.5833333333333334,2.7817482948303223,1.4181091723342736,-2.7848782539367676,1.7120376227331298,True,True,True,True,0.10324270650744438,0.009004899300634861,0.16666666666666666,0.5800000476837158,0.269839894582207
0.002293356800519433,0.5833333333333334,0.0,0.0,0.0,0.0,0.008368894457817078,0.005141600214058448,0.5756698670142598,0.2689676706250588,0.0,2383.372778799,1.0,0.0,1,False,0.0,0.0,4,False,0.0,0.0,406,0.0,0.18718840181827545,-0.03464308753609657,-0.9817129969596863,0.5833333333333334,0.5833333333333334,2.787156343460083,1.417092272080481,-2.787020206451416,1.7129087125243663,True,True,True,True,0.10324270650744438,0.008945200281838575,0.16666666666666666,0.5800000476837158,0.2693382449339454
0.002744957005068494,0.5833333333333334,0.0,0.0,0.0,0.0,0.008368894457817078,0.005141600214058448,0.5756698670142598,0.26967599332548225,0.0,2383.392516506,1.0,0.0,1,False,0.0,0.0,4,False,0.0,0.0,407,0.0,0.18608301877975464,-0.03527171164751053,-0.981900691986084,0.5833333333333334,0.5833333333333334,2.782865285873413,1.417766822502017,-2.7823619842529297,1.7111573051466535,True,True,True,True,0.10324270650744438,0.009015690224866072,0.16666666666666666,0.5800000476837158,0.2700465676343689
0.00343034470218793,0.5833333333333334,0.0,0.0,0.0,0.0,0.008368894457817078,0.005141600214058448,0.5756698670142598,0.27072694234455175,0.0,2383.4125479,1.0,0.0,1,False,0.0,0.0,4,False,0.0,0.0,408,0.0,0.1866937130689621,-0.03607046604156494,-0.981755793094635,0.5833333333333334,0.5833333333333334,2.7831053733825684,1.4201855051020782,-2.7806894779205322,1.7120924788718817,True,True,True,True,0.10324270650744438,0.009043151202301184,0.16666666666666666,0.5800000476837158,0.2710975166534384
0.002618422708082304,0.5833333333333334,0.0,0.0,0.0,0.0,0.008368894457817078,0.005141600214058448,0.5756698670142598,0.2723842559341793,0.0,2383.432462344,1.0,0.0,1,False,0.0,0.0,4,False,0.0,0.0,409,0.0,0.1859789937734604,-0.037230484187603,-0.9818481206893921,0.5833333333333334,0.5833333333333334,2.778838872909546,1.4234859893719356,-2.774167776107788,1.7122393058609895,True,True,True,True,0.10324270650744438,0.00904508400708437,0.16666666666666666,0.5800000476837158,0.27275483024306596
0.003411514931719289,0.5833333333333334,0.0,0.0,0.0,0.0,0.008368894457817078,0.005141600214058448,0.5756698670142598,0.27057828789482063,0.0,2383.452711014,1.0,0.0,1,False,0.0,0.0,4,False,0.0,0.0,410,0.0,0.18479269742965698,-0.03446085378527641,-0.9821731448173523,0.5833333333333334,0.5833333333333334,2.7742607593536377,1.4225430184354384,-2.7797462940216064,1.7129492605773835,True,True,True,True,0.10324270650744438,0.008966064391036829,0.16666666666666666,0.5800000476837158,0.2709488622037073
0.002076356361213467,0.5833333333333334,0.0,0.0,0.0,0.0,0.008368894457817078,0.005141600214058448,0.5756698670142598,0.26979734954639817,0.0,2383.472705952,1.0,0.0,1,False,0.0,0.0,4,False,0.0,0.0,411,0.0,0.18524077534675598,-0.034795988351106644,-0.9820769429206848,0.5833333333333334,0.5833333333333334,2.7784013748168945,1.4182938678810995,-2.7817513942718506,1.7106231675995647,True,True,True,True,0.10324270650744438,0.008977648802101612,0.16666666666666666,0.5800000476837158,0.2701679238552848
0.0030004932144349515,0.5833333333333334,0.0,0.0,0.0,0.0,0.008368894457817078,0.005141600214058448,0.5756698670142598,0.27035786572748965,0.0,2383.492561775,1.0,0.0,1,False,0.0,0.0,4,False,0.0,0.0,412,0.0,0.18644219636917114,-0.03577420860528946,-0.9818143844604492,0.5833333333333334,0.5833333333333334,2.7821688652038574,1.4190567495922248,-2.7813594341278076,1.7114190438406214,True,True,True,True,0.10324270650744438,0.00903515424579382,0.16666666666666666,0.5800000476837158,0.2707284400363763
0.002272766535869123,0.5833333333333334,0.0,0.0,0.0,0.0,0.008368894457817078,0.005141600214058448,0.5756698670142598,0.2699766762514119,0.0,2383.512589669,1.0,0.0,1,False,0.0,0.0,4,False,0.0,0.0,413,0.0,0.18670743703842163,-0.03513143211603165,-0.9817872047424316,0.5833333333333334,0.5833333333333334,2.783571481704712,1.4196734714011352,-2.7834250926971436,1.7131736621068923,True,True,True,True,0.10324270650744438,0.008970309980213642,0.16666666666666666,0.5800000476837158,0.27034725056029857
0.002737413573124643,0.5833333333333334,0.0,0.0,0.0,0.0,0.008368894457817078,0.005141600214058448,0.5756698670142598,0.27027427238627816,0.0,2383.533395674,1.0,0.0,1,False,0.0,0.0,4,False,0.0,0.0,414,0.0,0.18813923001289368,-0.03558388352394104,-0.9814975261688232,0.5833333333333334,0.5833333333333334,2.789177179336548,1.4205993727470438,-2.7866621017456055,1.7147757879543257,True,True,True,True,0.10324270650744438,0.008970763223866621,0.16666666666666666,0.5800000476837158,0.2706448466951648
0.0033301288948846155,0.5833333333333334,0.0,0.0,0.0,0.0,0.008368894457817078,0.005141600214058448,0.5756698670142598,0.2710669072149152,0.0,2383.552542507,1.0,0.0,1,False,0.0,0.0,4,False,0.0,0.0,415,0.0,0.18581004440784454,-0.03595380857586861,-0.9819276928901672,0.5833333333333334,0.5833333333333334,2.7789015769958496,1.420935630177458,-2.777618885040283,1.7116019232497355,True,True,True,True,0.10324270650744438,0.009050796118875345,0.16666666666666666,0.5800000476837158,0.27143748152380187
0.0022118948271185354,0.5833333333333334,0.0,0.0,0.0,0.0,0.008368894457817078,0.005141600214058448,0.5756698670142598,0.2708720959527249,0.0,2383.572664311,1.0,0.0,1,False,0.0,0.0,4,False,0.0,0.0,416,0.0,0.18471328914165497,-0.035456378012895584,-0.9821526408195496,0.5833333333333334,0.5833333333333334,2.775385618209839,1.421180068825682,-2.7771191596984863,1.7114178208760775,True,True,True,True,0.10324270650744438,0.008995021072526773,0.16666666666666666,0.5800000476837158,0.27124267026161153
0.0033233556225280196,0.5833333333333334,0.0,0.0,0.0,0.0,0.008368894457817078,0.005141600214058448,0.5756698670142598,0.27126576220211435,0.0,2383.592888191,1.0,0.0,1,False,0.0,0.0,4,False,0.0,0.0,417,0.0,0.184597447514534,-0.035802192986011505,-0.9821618795394897,0.5833333333333334,0.5833333333333334,2.775123357772827,1.4215221405029297,-2.7766969203948975,1.7109359769487307,True,True,True,True,0.10324270650744438,0.009027072228491306,0.16666666666666666,0.5800000476837158,0.271636336511001
0.002333974267891633,0.5833333333333334,0.0,0.0,0.0,0.0,0.008368894457817078,0.005141600214058448,0.5756698670142598,0.2699653611477916,0.0,2383.612564944,1.0,0.0,1,False,0.0,0.0,4,False,0.0,0.0,418,0.0,0.1847444623708725,-0.034577127546072006,-0.9821781516075134,0.5833333333333334,0.5833333333333334,2.776306390762329,1.419724325959881,-2.780709981918335,1.711735622390484,True,True,True,True,0.10324270650744438,0.008947791221241156,0.16666666666666666,0.5800000476837158,0.2703359354566783
0.0028743475162589962,0.5833333333333334,0.0,0.0,0.0,0.0,0.008368894457817078,0.005141600214058448,0.5756698670142598,0.2691141304131428,0.0,2383.632515844,1.0,0.0,1,False,0.0,0.0,4,False,0.0,0.0,419,0.0,0.1847415268421173,-0.0343049094080925,-0.9821882247924805,0.5833333333333334,0.5833333333333334,2.777252435684204,1.416851343587041,-2.7826364040374756,1.710113052642458,True,True,True,True,0.10324270650744438,0.008993136696517467,0.16666666666666666,0.5800000476837158,0.26948470472202946
0.0031657530274840245,0.5833333333333334,0.0,0.0,0.0,0.0,0.008368894457817078,0.005141600214058448,0.5756698670142598,0.27014444221647627,0.0,2383.652746432,1.0,0.0,1,False,0.0,0.0,4,False,0.0,0.0,420,0.0,0.18531398475170135,-0.03575301170349121,-0.9820287227630615,0.5833333333333334,0.5833333333333334,2.779232978820801,1.4175506737083197,-2.77850604057312,1.7091936509890435,True,True,True,True,0.10324270650744438,0.009058847092092037,0.16666666666666666,0.5800000476837158,0.2705150165253629
0.004183740164869452,0.5833333333333334,0.0,0.0,0.0,0.0,0.008368894457817078,0.005141600214058448,0.5756698670142598,0.2719193825457697,0.0,2383.672693832,1.0,0.0,1,False,0.0,0.0,4,False,0.0,0.0,421,0.0,0.186619371175766,-0.037058137357234955,-0.9817331433296204,0.5833333333333334,0.5833333333333334,2.780482530593872,1.4221124947071075,-2.7770655155181885,1.7121148297198665,True,True,True,True,0.10324270650744438,0.009103371140857538,0.16666666666666666,0.5800000476837158,0.27228995685465635
0.003399210533466282,0.5833333333333334,0.0,0.0,0.0,0.0,0.008368894457817078,0.005141600214058448,0.5756698670142598,0.27328063683799947,0.0,2383.692520199,1.0,0.0,1,False,0.0,0.0,4,False,0.0,0.0,422,0.0,0.18670538067817688,-0.03753405436873436,-0.9816986918449402,0.5833333333333334,0.5833333333333334,2.778935432434082,1.4264919056246679,-2.773682117462158,1.7142242193160124,True,True,True,True,0.10324270650744438,0.009065460103253523,0.16666666666666666,0.5800000476837158,0.2736512111468861
0.0031784665644651695,0.5833333333333334,0.0,0.0,0.0,0.0,0.008368894457817078,0.005141600214058448,0.5756698670142598,0.2738186915364568,0.0,2383.712414227,1.0,0.0,1,False,0.0,0.0,4,False,0.0,0.0,423,0.0,0.1874525249004364,-0.03736341372132301,-0.9815627932548523,0.5833333333333334,0.5833333333333334,2.781252861022949,1.4295267990479867,-2.7765915393829346,1.7170819212011363,True,True,True,True,0.10324270650744438,0.00899687564621369,0.16666666666666666,0.5800000476837158,0.2741892658453435
0.0031784665644651695,0.5833333333333334,0.0,0.0,0.0,0.0,0.008368894457817078,0.005141600214058448,0.5756698670142598,0.2741385903634583,0.0,2383.732363961,1.0,0.0,1,False,0.0,0.0,4,False,0.0,0.0,424,0.0,0.1874525249004364,-0.03736341372132301,-0.9815627932548523,0.5833333333333334,0.5833333333333334,2.7806143760681152,1.4303862036516268,-2.776179313659668,1.7173941752600466,True,True,True,True,0.10324270650744438,0.008990788521866003,0.16666666666666666,0.5800000476837158,0.27450916467234493
0.003708382826613878,0.5833333333333334,0.0,0.0,0.0,0.0,0.008368894457817078,0.005141600214058448,0.5756698670142598,0.2623672673593416,0.0,2383.813178404,1.0,0.0,1,False,0.0,0.0,4,False,0.0,0.0,425,0.0,0.0007741377921774983,-0.00016654471983201802,-0.9999997019767761,0.5833333333333334,0.5833333333333334,2.333132743835449,1.137479202200969,-1.8446303606033325,1.3051200064485722,True,True,True,True,0.10324270650744438,0.008603558875620365,0.08333333333333333,0.5800000476837158,0.2627378416682283
0.003497599612054375,0.5833333333333334,0.0,0.0,0.0,0.0,0.008368894457817078,0.005141600214058448,0.5756698670142598,0.2577726004759922,0.0,2383.834726355,1.0,0.0,1,False,0.0,0.0,4,False,0.0,0.0,426,0.0,0.002323643770068884,-0.0005011380999349058,-0.9999971985816956,0.5833333333333334,0.5833333333333334,2.1330454349517822,1.1196074622372787,-1.985701084136963,1.2855936064868834,True,True,True,True,0.10324270650744438,0.008603558875620365,0.08333333333333333,0.5800000476837158,0.25814317478487886
0.00207780833544859,0.5833333333333334,0.0,0.0,0.0,0.0,0.008368894457817078,0.005141600214058448,0.5756698670142598,0.25371182009926885,0.0,2383.853140865,1.0,0.0,1,False,0.0,0.0,4,False,0.0,0.0,427,0.0,0.0070068445056676865,-0.0014495900832116604,-0.9999744296073914,0.5833333333333334,0.5833333333333334,2.0619025230407715,1.1158437182505925,-2.00347638130188,1.2878143544060796,True,True,True,True,0.10324270650744438,0.008603558875620365,0.08333333333333333,0.5800000476837158,0.2540145131573081
0.002430577288647153,0.5833333333333334,0.0,0.0,0.0,0.0,0.008368894457817078,0.005141600214058448,0.5756698670142598,0.25274777767908024,0.0,2383.872647005,1.0,0.0,1,False,0.0,0.0,4,False,0.0,0.0,428,0.0,0.010138672776520252,-0.002097167307510972,-0.9999464154243469,0.5833333333333334,0.5833333333333334,2.0236661434173584,1.118142166485389,-2.0280048847198486,1.293835494860774,True,True,True,True,0.10324270650744438,0.008642780594527721,0.16666666666666666,0.5800000476837158,0.2520780606940389
0.002676532292128738,0.5833333333333334,0.0,0.0,0.0,0.0,0.008368894457817078,0.005141600214058448,0.5756698670142598,0.2521533883646275,0.0,2383.892514203,1.0,0.0,1,False,0.0,0.0,4,False,0.0,0.0,429,0.0,0.01327440980821848,-0.0027331209275871515,-0.9999081492424011,0.5833333333333334,0.5833333333333334,2.000706911087036,1.1236964041988056,-2.0496761798858643,1.301818680256515,True,True,True,True,0.10324270650744438,0.008705134503543377,0.16666666666666666,0.5800000476837158,0.25129093896597626
0.003055629908377071,0.5833333333333334,0.0,0.0,0.0,0.0,0.008368894457817078,0.005141600214058448,0.5756698670142598,0.2515297884280627,0.0,2383.912510891,1.0,0.0,1,False,0.0,0.0,4,False,0.0,0.0,430,0.0,0.016422847285866737,-0.0033766741398721933,-0.9998594522476196,0.5833333333333334,0.5833333333333334,1.983286738395691,1.1296851274867852,-2.071061372756958,1.3101612219661705,True,True,True,True,0.10324270650744438,0.008791675480703512,0.16666666666666666,0.5800000476837158,0.25066733902941146
0.002945203997997304,0.5833333333333334,0.0,0.0,0.0,0.0,0.008368894457817078,0.005141600214058448,0.5756698670142598,0.2510173045878753,0.0,2383.932388879,1.0,0.0,1,False,0.0,0.0,4,False,0.0,0.0,431,0.0,0.01956132985651493,-0.0040489016100764275,-0.999800443649292,0.5833333333333334,0.5833333333333334,1.9691499471664429,1.1359379564722378,-2.0906269550323486,1.3186400885823892,True,True,True,True,0.10324270650744438,0.00885245172927777,0.16666666666666666,0.5800000476837158,0.25020522190878786
0.0023942269649236945,0.5833333333333334,0.0,0.0,0.0,0.0,0.008368894457817078,0.005141600214058448,0.5756698670142598,0.2505227915480877,0.0,2383.952595844,1.0,0.0,1,False,0.0,0.0,4,False,0.0,0.0,432,0.0,0.022681081667542458,-0.004711856599897146,-0.9997316598892212,0.5833333333333334,0.5833333333333334,1.9915615320205688,1.1428892898062866,-2.1107590198516846,1.327720976079725,True,True,True,True,0.10324270650744438,0.008896173598865667,0.16666666666666666,0.5800000476837158,0.24998522799462078
0.0033206382607490247,0.5833333333333334,0.0,0.0,0.0,0.0,0.008368894457817078,0.005141600214058448,0.5756698670142598,0.24999629192403405,0.0,2383.972563659,1.0,0.0,1,False,0.0,0.0,4,False,0.0,0.0,433,0.0,0.02581862173974514,-0.005327452439814806,-0.9996524453163147,0.5833333333333334,0.5833333333333334,2.012843370437622,1.149820643166701,-2.130497694015503,1.3365197821332881,True,True,True,True,0.10324270650744438,0.008961417712271214,0.16666666666666666,0.5800000476837158,0.24988271607706944
0.00204229347110926,0.5833333333333334,0.0,0.0,0.0,0.0,0.008368894457817078,0.005141600214058448,0.5756698670142598,0.249507281758899,0.0,2383.992515142,1.0,0.0,1,False,0.0,0.0,4,False,0.0,0.0,434,0.0,0.028950735926628113,-0.005931914784014225,-0.9995632171630859,0.5833333333333334,0.5833333333333334,2.034306764602661,1.1563877525428932,-2.149996757507324,1.3455406751498855,True,True,True,True,0.10324270650744438,0.009000538848340511,0.16666666666666666,0.5800000476837158,0.24962052145351965
0.003661599597265098,0.5833333333333334,0.0,0.0,0.0,0.0,0.008368894457817078,0.005141600214058448,0.5756698670142598,0.2491208397587592,0.0,2384.012492582,1.0,0.0,1,False,0.0,0.0,4,False,0.0,0.0,435,0.0,0.03208002820611,-0.006589662283658981,-0.9994635581970215,0.5833333333333334,0.5833333333333334,2.0543525218963623,1.1625573933124542,-2.169086217880249,1.353559355457767,True,True,True,True,0.10324270650744438,0.00911042063186566,0.16666666666666666,0.5800000476837158,0.24949141406764586
0.0042700618147188734,0.5833333333333334,0.0,0.0,0.0,0.0,0.008368894457817078,0.005141600214058448,0.5756698670142598,0.24902406727179435,0.0,2384.03281183,1.0,0.0,1,False,0.0,0.0,4,False,0.0,0.0,436,0.0,0.03522741422057152,-0.007269905414432287,-0.9993528723716736,0.5833333333333334,0.5833333333333334,2.0754191875457764,1.169286072254181,-2.18743634223938,1.362431330035978,True,True,True,True,0.10324270650744438,0.009153465119500956,0.16666666666666666,0.5800000476837158,0.249394641580681
0.0034190752739683763,0.5833333333333334,0.0,0.0,0.0,0.0,0.008368894457817078,0.005141600214058448,0.5756698670142598,0.24888888766273407,0.0,2384.052568785,1.0,0.0,1,False,0.0,0.0,4,False,0.0,0.0,437,0.0,0.03833692520856857,-0.007909060455858707,-0.9992335438728333,0.5833333333333334,0.5833333333333334,2.0960638523101807,1.1755234226584435,-2.205167531967163,1.3710580594987396,True,True,True,True,0.10324270650744438,0.009176344610750675,0.16666666666666666,0.5800000476837158,0.24925946197162072
0.0025341088464023915,0.5833333333333334,0.0,0.0,0.0,0.0,0.008368894457817078,0.005141600214058448,0.5756698670142598,0.24880152122333196,0.0,2384.072613595,1.0,0.0,1,False,0.0,0.0,4,False,0.0,0.0,438,0.0,0.04143490642309189,-0.008518457412719727,-0.999104917049408,0.5833333333333334,0.5833333333333334,2.1176018714904785,1.1820986953874428,-2.2240512371063232,1.3802835204459936,True,True,True,True,0.10324270650744438,0.009172600073119005,0.16666666666666666,0.5800000476837158,0.2491720955322186
0.0014397815477992524,0.5833333333333334,0.0,0.0,0.0,0.0,0.008368894457817078,0.005141600214058448,0.5756698670142598,0.24882873446896223,0.0,2384.092500041,1.0,0.0,1,False,0.0,0.0,4,False,0.0,0.0,439,0.0,0.04455683007836342,-0.009116938337683678,-0.9989652633666992,0.5833333333333334,0.5833333333333334,2.1388301849365234,1.1893844480315845,-2.2447938919067383,1.3902780205100866,True,True,True,True,0.10324270650744438,0.009194004349410534,0.16666666666666666,0.5800000476837158,0.24919930877784888
0.0021439936329320348,0.5833333333333334,0.0,0.0,0.0,0.0,0.008368894457817078,0.005141600214058448,0.5756698670142598,0.24876147000645146,0.0,2384.112476314,1.0,0.0,1,False,0.0,0.0,4,False,0.0,0.0,440,0.0,0.04767247661948204,-0.00973757915198803,-0.9988155364990234,0.5833333333333334,0.5833333333333334,2.157498836517334,1.195108775049448,-2.261582851409912,1.398238193438812,True,True,True,True,0.10324270650744438,0.00927181945492824,0.16666666666666666,0.5800000476837158,0.2491320443153381
0.0032401704092416377,0.5833333333333334,0.0,0.0,0.0,0.0,0.008368894457817078,0.005141600214058448,0.5756698670142598,0.2486719360689774,0.0,2384.132611242,1.0,0.0,1,False,0.0,0.0,4,False,0.0,0.0,441,0.0,0.05080035701394081,-0.01036889012902975,-0.9986550211906433,0.5833333333333334,0.5833333333333334,2.1764206886291504,1.2008576914668083,-2.279264450073242,1.4063807547710154,True,True,True,True,0.10324270650744438,0.009355765767395496,0.16666666666666666,0.5800000476837158,0.24904251037786404
0.0032796328555263136,0.5833333333333334,0.0,0.0,0.0,0.0,0.008368894457817078,0.005141600214058448,0.5756698670142598,0.24853202658300147,0.0,2384.152554851,1.0,0.0,1,False,0.0,0.0,4,False,0.0,0.0,442,0.0,0.05392191559076309,-0.011025208979845047,-0.9984843134880066,0.5833333333333334,0.5833333333333334,2.1953961849212646,1.2063532297809918,-2.2956087589263916,1.4144480563405675,True,True,True,True,0.10324270650744438,0.0094060975437363,0.16666666666666666,0.5800000476837158,0.24890260089188812
0.00336139946410949,0.5833333333333334,0.0,0.0,0.0,0.0,0.008368894457817078,0.005141600214058448,0.5756698670142598,0.24843166788324264,0.0,2384.17264924,1.0,0.0,1,False,0.0,0.0,4,False,0.0,0.0,443,0.0,0.05703604221343994,-0.011636828072369099,-0.9983043074607849,0.5833333333333334,0.5833333333333334,2.2148044109344482,1.2118139552573364,-2.3119773864746094,1.4225708111832613,True,True,True,True,0.10324270650744438,0.009425053683420023,0.16666666666666666,0.5800000476837158,0.2488022421921293
0.001944450414182301,0.5833333333333334,0.0,0.0,0.0,0.0,0.008368894457817078,0.005141600214058448,0.5756698670142598,0.24839601995949492,0.0,2384.192773086,1.0,0.0,1,False,0.0,0.0,4,False,0.0,0.0,444,0.0,0.06015048548579216,-0.012258320115506649,-0.9981140494346619,0.5833333333333334,0.5833333333333334,2.2344655990600586,1.2178968687852223,-2.330559015274048,1.431704876858362,True,True,True,True,0.10324270650744438,0.009434815806647142,0.16666666666666666,0.5800000476837158,0.24876659426838157
0.0016068041373878687,0.5833333333333334,0.0,0.0,0.0,0.0,0.008368894457817078,0.005141600214058448,0.5756698670142598,0.24842104025090284,0.0,2384.212549581,1.0,0.0,1,False,0.0,0.0,4,False,0.0,0.0,445,0.0,0.0634135901927948,-0.012906850315630436,-0.9979038834571838,0.5833333333333334,0.5833333333333334,2.255528450012207,1.224313807984193,-2.3480982780456543,1.441257320491034,True,True,True,True,0.10324270650744438,0.009384197182953358,0.16666666666666666,0.5800000476837158,0.2487916145597895
0.0025453839525266223,0.5833333333333334,0.0,0.0,0.0,0.0,0.008368894457817078,0.005141600214058448,0.5756698670142598,0.2488294143344417,0.0,2384.232403655,1.0,0.0,1,False,0.0,0.0,4,False,0.0,0.0,446,0.0,0.06634511053562164,-0.013509141281247139,-0.9977052807807922,0.5833333333333334,0.5833333333333334,2.272554397583008,1.2305568841596444,-2.3637828826904297,1.4492485373342139,True,True,True,True,0.10324270650744438,0.009424709094067415,0.16666666666666666,0.5800000476837158,0.24919998864332835
0.0021636160431689035,0.5833333333333334,0.0,0.0,0.0,0.0,0.008368894457817078,0.005141600214058448,0.5756698670142598,0.24898498307818717,0.0,2384.252611203,1.0,0.0,1,False,0.0,0.0,4,False,0.0,0.0,447,0.0,0.06944999098777771,-0.014138459227979183,-0.9974852204322815,0.5833333333333334,0.5833333333333334,2.2875773906707764,1.2358544257779915,-2.379234552383423,1.456747558543502,True,True,True,True,0.10324270650744438,0.009517475652197996,0.16666666666666666,0.5800000476837158,0.24935555738707382
0.0037491554831064217,0.5833333333333334,0.0,0.0,0.0,0.0,0.008368894457817078,0.005141600214058448,0.5756698670142598,0.24913467083031482,0.0,2384.272546062,1.0,0.0,1,False,0.0,0.0,4,False,0.0,0.0,448,0.0,0.0725763589143753,-0.014801142737269402,-0.9972530007362366,0.5833333333333334,0.5833333333333334,2.303652286529541,1.2410705151657264,-2.393747568130493,1.4641472496931722,True,True,True,True,0.10324270650744438,0.009589499173065027,0.16666666666666666,0.5800000476837158,0.24950524513920147
0.0035028597194780016,0.5833333333333334,0.0,0.0,0.0,0.0,0.008368894457817078,0.005141600214058448,0.5756698670142598,0.2492283590873534,0.0,2384.29252146,1.0,0.0,1,False,0.0,0.0,4,False,0.0,0.0,449,0.0,0.07568755745887756,-0.015452254563570023,-0.9970118403434753,0.5833333333333334,0.5833333333333334,2.3198115825653076,1.246041964739561,-2.407742500305176,1.471519965512234,True,True,True,True,0.10324270650744438,0.009617251964906851,0.16666666666666666,0.5800000476837158,0.24959893339624006
0.0019987198158215396,0.5833333333333334,0.0,0.0,0.0,0.0,0.008368894457817078,0.005141600214058448,0.5756698670142598,0.24943229855253843,0.0,2384.312591643,1.0,0.0,1,False,0.0,0.0,4,False,0.0,0.0,450,0.0,0.0788055881857872,-0.01609204337000847,-0.9967601299285889,0.5833333333333334,0.5833333333333334,2.337846279144287,1.2519887213905652,-2.424436569213867,1.4804147609850837,True,True,True,True,0.10324270650744438,0.009580853395164013,0.16666666666666666,0.5800000476837158,0.24980287286142508
0.00181004266175931,0.5833333333333334,0.0,0.0,0.0,0.0,0.008368894457817078,0.005141600214058448,0.5756698670142598,0.2499091962467089,0.0,2384.33241976,1.0,0.0,1,False,0.0,0.0,4,False,0.0,0.0,451,0.0,0.08192847669124603,-0.01669197902083397,-0.9964984059333801,0.5833333333333334,0.5833333333333334,2.355315923690796,1.2585635781288147,-2.439973831176758,1.4891979711098,True,True,True,True,0.10324270650744438,0.009549534258743128,0.16666666666666666,0.5800000476837158,0.2502797705555955
0.0015211035748105054,0.5833333333333334,0.0,0.0,0.0,0.0,0.008368894457817078,0.005141600214058448,0.5756698670142598,0.25040927611196584,0.0,2384.35131286,1.0,0.0,1,False,0.0,0.0,4,False,0.0,0.0,451,0.0,0.08503124862909317,-0.017307307571172714,-0.9962279796600342,0.5833333333333334,0.5833333333333334,2.3701491355895996,1.264494980374972,-2.454890727996826,1.4971547520372854,True,True,True,True,0.10324270650744438,0.009568113523224989,0.16666666666666666,0.5800000476837158,0.2507798504208525
0.0011010543352890174,0.5833333333333334,0.0,0.0,0.0,0.0,0.008368894457817078,0.005141600214058448,0.5756698670142598,0.25088558024321544,0.0,2384.372664243,1.0,0.0,1,False,0.0,0.0,4,False,0.0,0.0,453,0.0,0.08813665807247162,-0.017917318269610405,-0.9959472417831421,0.5833333333333334,0.5833333333333334,2.3857243061065674,1.2705155052244663,-2.469060182571411,1.5053171565156296,True,True,True,True,0.10324270650744438,0.009548362034062544,0.16666666666666666,0.5800000476837158,0.2512561545521021
0.003161631222421957,0.5833333333333334,0.0,0.0,0.0,0.0,0.008368894457817078,0.005141600214058448,0.5756698670142598,0.2514469367877101,0.0,2384.393232266,1.0,0.0,1,False,0.0,0.0,4,False,0.0,0.0,454,0.0,0.09127642959356308,-0.018501685932278633,-0.9956536889076233,0.5833333333333334,0.5833333333333334,2.3992512226104736,1.2764189317822456,-2.4842276573181152,1.5130670008213691,True,True,True,True,0.10324270650744438,0.009622657982011637,0.16666666666666666,0.5800000476837158,0.2518175110965967
0.0024017814811983437,0.5833333333333334,0.0,0.0,0.0,0.0,0.008368894457817078,0.005141600214058448,0.5756698670142598,0.25181598950082607,0.0,2384.412463386,1.0,0.0,1,False,0.0,0.0,4,False,0.0,0.0,455,0.0,0.09440204501152039,-0.019137443974614143,-0.995350182056427,0.5833333333333334,0.5833333333333334,2.4142518043518066,1.2817997944851716,-2.4970526695251465,1.5207578251745484,True,True,True,True,0.10324270650744438,0.009598483331501484,0.16666666666666666,0.5800000476837158,0.2521865638097127
0.002199533427631553,0.5833333333333334,0.0,0.0,0.0,0.0,0.008368894457817078,0.005141600214058448,0.5756698670142598,0.25235917749409426,0.0,2384.432366749,1.0,0.0,1,False,0.0,0.0,4,False,0.0,0.0,456,0.0,0.0975358784198761,-0.0197265837341547,-0.9950364828109741,0.5833333333333334,0.5833333333333334,2.4295833110809326,1.2877863285442193,-2.5113754272460938,1.528778536663607,True,True,True,True,0.10324270650744438,0.009588121436536312,0.16666666666666666,0.5800000476837158,0.2527297518029809
0.0028049909299995325,0.5833333333333334,0.0,0.0,0.0,0.0,0.008368894457817078,0.005141600214058448,0.5756698670142598,0.252942282904233,0.0,2384.452669083,1.0,0.0,1,False,0.0,0.0,4,False,0.0,0.0,457,0.0,0.10064578801393509,-0.020330801606178284,-0.9947145581245422,0.5833333333333334,0.5833333333333334,2.4434421062469482,1.2931697430709999,-2.5234265327453613,1.535728122429946,True,True,True,True,0.10324270650744438,0.009604261256754398,0.16666666666666666,0.5800000476837158,0.25331285721311964
0.0023013199474439653,0.5833333333333334,0.0,0.0,0.0,0.0,0.008368894457817078,0.005141600214058448,0.5756698670142598,0.2534182114020442,0.0,2384.47263165,1.0,0.0,1,False,0.0,0.0,4,False,0.0,0.0,458,0.0,0.10374315828084946,-0.020907359197735786,-0.9943843483924866,0.5833333333333334,0.5833333333333334,2.4580414295196533,1.2985108979046345,-2.5360732078552246,1.5431479340087382,True,True,True,True,0.10324270650744438,0.009570544896026453,0.16666666666666666,0.5800000476837158,0.25378878571093083
0.004218702439522263,0.5833333333333334,0.0,0.0,0.0,0.0,0.008368894457817078,0.005141600214058448,0.5756698670142598,0.2540066604306752,0.0,2384.492507016,1.0,0.0,1,False,0.0,0.0,4,False,0.0,0.0,459,0.0,0.10682987421751022,-0.021523449569940567,-0.994044303894043,0.5833333333333334,0.5833333333333334,2.4696311950683594,1.3034335834284623,-2.548419952392578,1.5495605300282906,True,True,True,True,0.10324270650744438,0.009663616307079792,0.16666666666666666,0.5800000476837158,0.25437723473956186
0.002704391732468443,0.5833333333333334,0.0,0.0,0.0,0.0,0.008368894457817078,0.005141600214058448,0.5756698670142598,0.254435881859606,0.0,2384.511297167,1.0,0.0,1,False,0.0,0.0,4,False,0.0,0.0,459,0.0,0.10989869385957718,-0.022210750728845596,-0.9936946034431458,0.5833333333333334,0.5833333333333334,2.484376907348633,1.3083864313860734,-2.5593948364257812,1.5567683829953265,True,True,True,True,0.10324270650744438,0.00960842240601778,0.16666666666666666,0.5800000476837158,0.2548064561684926
0.003226838306389039,0.5833333333333334,0.0,0.0,0.0,0.0,0.008368894457817078,0.005141600214058448,0.5756698670142598,0.2550309240311836,0.0,2384.532901699,1.0,0.0,1,False,0.0,0.0,4,False,0.0,0.0,461,0.0,0.1130094900727272,-0.022813308984041214,-0.9933319687843323,0.5833333333333334,0.5833333333333334,2.4979159832000732,1.3139949291944504,-2.5729055404663086,1.5643525323638414,True,True,True,True,0.10324270650744438,0.009622369892895222,0.16666666666666666,0.5800000476837158,0.25540149834007025
0.002895967178983398,0.5833333333333334,0.0,0.0,0.0,0.0,0.008368894457817078,0.005141600214058448,0.5756698670142598,0.2555622926096573,0.0,2384.552478419,1.0,0.0,1,False,0.0,0.0,4,False,0.0,0.0,462,0.0,0.11611135303974152,-0.0234125554561615,-0.9929602146148682,0.5833333333333334,0.5833333333333334,2.511693000793457,1.3189785927534103,-2.5840539932250977,1.5712719323682764,True,True,True,True,0.10324270650744438,0.00960789838184913,0.16666666666666666,0.5800000476837158,0.25593286691854394
0.003183782318313966,0.5833333333333334,0.0,0.0,0.0,0.0,0.008368894457817078,0.005141600214058448,0.5756698670142598,0.25611426654487396,0.0,2384.572552395,1.0,0.0,1,False,0.0,0.0,4,False,0.0,0.0,463,0.0,0.11921007186174393,-0.023973198607563972,-0.9925795793533325,0.5833333333333334,0.5833333333333334,2.525085926055908,1.3240591610471408,-2.5957140922546387,1.5781906434840194,True,True,True,True,0.10324270650744438,0.009605665691196918,0.16666666666666666,0.5800000476837158,0.2564848408537606
0.0023952200912429025,0.5833333333333334,0.0,0.0,0.0,0.0,0.008368894457817078,0.005141600214058448,0.5756698670142598,0.25667904461328733,0.0,2384.592444676,1.0,0.0,1,False,0.0,0.0,4,False,0.0,0.0,464,0.0,0.12230072915554047,-0.02457374334335327,-0.9921888113021851,0.5833333333333334,0.5833333333333334,2.5392253398895264,1.3291779309511185,-2.6074745655059814,1.585414346520303,True,True,True,True,0.10324270650744438,0.009569728436569372,0.16666666666666666,0.5800000476837158,0.257049618922174
0.0037608762113561737,0.5833333333333334,0.0,0.0,0.0,0.0,0.008368894457817078,0.005141600214058448,0.5756698670142598,0.25738918801053906,0.0,2384.611633215,1.0,0.0,1,False,0.0,0.0,4,False,0.0,0.0,464,0.0,0.12540142238140106,-0.02515702322125435,-0.9917870759963989,0.5833333333333334,0.5833333333333334,2.552001953125,1.3344427930812042,-2.6184444427490234,1.5921254748926927,True,True,True,True,0.10324270650744438,0.00959410797804594,0.16666666666666666,0.5800000476837158,0.2577597623194257
0.004095149289306182,0.5833333333333334,0.0,0.0,0.0,0.0,0.008368894457817078,0.005141600214058448,0.5756698670142598,0.2580177624514157,0.0,2384.632505717,1.0,0.0,1,False,0.0,0.0,4,False,0.0,0.0,466,0.0,0.12848953902721405,-0.025794532150030136,-0.9913753271102905,0.5833333333333334,0.5833333333333334,2.5649611949920654,1.3393751494586468,-2.6292667388916016,1.5990448398038017,True,True,True,True,0.10324270650744438,0.009581012340883413,0.16666666666666666,0.5800000476837158,0.2583883367603024
0.0021039872335755255,0.5833333333333334,0.0,0.0,0.0,0.0,0.008368894457817078,0.005141600214058448,0.5756698670142598,0.2585749223011687,0.0,2384.65249949,1.0,0.0,1,False,0.0,0.0,4,False,0.0,0.0,467,0.0,0.13159766793251038,-0.02637658081948757,-0.9909522533416748,0.5833333333333334,0.5833333333333334,2.579258918762207,1.3445998840034008,-2.6401195526123047,1.6063865456703332,True,True,True,True,0.10324270650744438,0.009507845155894756,0.16666666666666666,0.5800000476837158,0.25894549661005534
0.0012712273935497026,0.5833333333333334,0.0,0.0,0.0,0.0,0.008368894457817078,0.005141600214058448,0.5756698670142598,0.2592298950804228,0.0,2384.672702373,1.0,0.0,1,False,0.0,0.0,4,False,0.0,0.0,468,0.0,0.13467863202095032,-0.026959195733070374,-0.9905225038528442,0.5833333333333334,0.5833333333333334,2.5927624702453613,1.3497210244337718,-2.6514194011688232,1.6134723152887254,True,True,True,True,0.10324270650744438,0.009468462007741133,0.16666666666666666,0.5800000476837158,0.2596004693893095
0.003109504668096572,0.5833333333333334,0.0,0.0,0.0,0.0,0.008368894457817078,0.005141600214058448,0.5756698670142598,0.2599536139011835,0.0,2384.692493453,1.0,0.0,1,False,0.0,0.0,4,False,0.0,0.0,469,0.0,0.13777638971805573,-0.027503671124577522,-0.9900814294815063,0.5833333333333334,0.5833333333333334,2.60430645942688,1.3544709260265033,-2.660865306854248,1.6195185622590502,True,True,True,True,0.10324270650744438,0.009506621398031712,0.16666666666666666,0.5800000476837158,0.26032418821007014
0.003582847522206769,0.5833333333333334,0.0,0.0,0.0,0.0,0.008368894457817078,0.005141600214058448,0.5756698670142598,0.2604488215523913,0.0,2384.71252164,1.0,0.0,1,False,0.0,0.0,4,False,0.0,0.0,470,0.0,0.14086920022964478,-0.02809787355363369,-0.9896293878555298,0.5833333333333334,0.5833333333333334,2.6147730350494385,1.3581530675292015,-2.669296979904175,1.6249549415071394,True,True,True,True,0.10324270650744438,0.009541387048860392,0.16666666666666666,0.5800000476837158,0.26081939586127795
0.0033518713544535297,0.5833333333333334,0.0,0.0,0.0,0.0,0.008368894457817078,0.005141600214058448,0.5756698670142598,0.26094616193229503,0.0,2384.731399577,1.0,0.0,1,False,0.0,0.0,4,False,0.0,0.0,470,0.0,0.14392970502376556,-0.028714366257190704,-0.9891712069511414,0.5833333333333334,0.5833333333333334,2.627453088760376,1.3622112590819597,-2.6776390075683594,1.6308209333182915,True,True,True,True,0.10324270650744438,0.009505483321845531,0.16666666666666666,0.5800000476837158,0.2613167362411817
0.0024170295549189704,0.5833333333333334,0.0,0.0,0.0,0.0,0.008368894457817078,0.005141600214058448,0.5756698670142598,0.2615545302433724,0.0,2384.752516186,1.0,0.0,1,False,0.0,0.0,4,False,0.0,0.0,472,0.0,0.1470004767179489,-0.02924307994544506,-0.9887040257453918,0.5833333333333334,0.5833333333333334,2.6420984268188477,1.3672319259494543,-2.6885335445404053,1.6381224689194558,True,True,True,True,0.10324270650744438,0.009406009378532568,0.16666666666666666,0.5800000476837158,0.26192510455225904
0.0023534069995604636,0.5833333333333334,0.0,0.0,0.0,0.0,0.008368894457817078,0.005141600214058448,0.5756698670142598,0.26244247103636015,0.0,2384.77262166,1.0,0.0,1,False,0.0,0.0,4,False,0.0,0.0,473,0.0,0.15003840625286102,-0.029913056641817093,-0.9882275462150574,0.5833333333333334,0.5833333333333334,2.653550386428833,1.3723583022753398,-2.698132038116455,1.6447131604517153,True,True,True,True,0.10324270650744438,0.009409585036337376,0.16666666666666666,0.5800000476837158,0.2628130453452468
0.0029354633836774645,0.5833333333333334,0.0,0.0,0.0,0.0,0.008368894457817078,0.005141600214058448,0.5756698670142598,0.2631689959320381,0.0,2384.792935952,1.0,0.0,1,False,0.0,0.0,4,False,0.0,0.0,474,0.0,0.15310189127922058,-0.030522679910063744,-0.9877389073371887,0.5833333333333334,0.5833333333333334,2.6641299724578857,1.3766744428624709,-2.704957962036133,1.6502738788311508,True,True,True,True,0.10324270650744438,0.009408353207012018,0.16666666666666666,0.5800000476837158,0.2635395702409247
0.0038785143931327672,0.5833333333333334,0.0,0.0,0.0,0.0,0.008368894457817078,0.005141600214058448,0.5756698670142598,0.2636682874327356,0.0,2384.811260636,1.0,0.0,1,False,0.0,0.0,4,False,0.0,0.0,474,0.0,0.15615902841091156,-0.030980313196778297,-0.9872459769248962,0.5833333333333334,0.5833333333333334,2.674086093902588,1.380281725898385,-2.7130367755889893,1.6555848168861267,True,True,True,True,0.10324270650744438,0.0094275688752532,0.16666666666666666,0.5800000476837158,0.2640388617416223
0.0036607950916506785,0.5833333333333334,0.0,0.0,0.0,0.0,0.008368894457817078,0.005141600214058448,0.5756698670142598,0.26410803016801226,0.0,2384.832435575,1.0,0.0,1,False,0.0,0.0,4,False,0.0,0.0,476,0.0,0.1592174619436264,-0.03152604028582573,-0.9867400527000427,0.5833333333333334,0.5833333333333334,2.685187578201294,1.3836191886415083,-2.721099615097046,1.661143547765314,True,True,True,True,0.10324270650744438,0.009412589482963085,0.16666666666666666,0.5800000476837158,0.2644786044768989
0.002215622465830686,0.5833333333333334,0.0,0.0,0.0,0.0,0.008368894457817078,0.005141600214058448,0.5756698670142598,0.2647332093172227,0.0,2384.854457744,1.0,0.0,1,False,0.0,0.0,4,False,0.0,0.0,477,0.0,0.16227272152900696,-0.03209660202264786,-0.9862238168716431,0.5833333333333334,0.5833333333333334,2.699078321456909,1.3881854880601168,-2.729417085647583,1.6677576285472449,True,True,True,True,0.10324270650744438,0.009308676235377789,0.16666666666666666,0.5800000476837158,0.26510378362610937
0.0025075914519039066,0.5833333333333334,0.0,0.0,0.0,0.0,0.008368894457817078,0.005141600214058448,0.5756698670142598,0.2656874835605874,0.0,2384.871657259,1.0,0.0,1,False,0.0,0.0,4,False,0.0,0.0,477,0.0,0.16533637046813965,-0.03265884146094322,-0.9856963753700256,0.5833333333333334,0.5833333333333334,2.7116076946258545,1.3935360064109166,-2.7386696338653564,1.674763203827068,True,True,True,True,0.10324270650744438,0.009252413176000118,0.16666666666666666,0.5800000476837158,0.26605805786947406
0.0024689053768884813,0.5833333333333334,0.0,0.0,0.0,0.0,0.008368894457817078,0.005141600214058448,0.5756698670142598,0.26659469481462783,0.0,2384.893083888,1.0,0.0,1,False,0.0,0.0,4,False,0.0,0.0,479,0.0,0.16839998960494995,-0.03319640830159187,-0.9851595759391785,0.5833333333333334,0.5833333333333334,2.723489284515381,1.3985761391619842,-2.7458009719848633,1.6812872419550229,True,True,True,True,0.10324270650744438,0.009177773880461851,0.16666666666666666,0.5800000476837158,0.2669652691235145
0.0027915422502404596,0.5833333333333334,0.0,0.0,0.0,0.0,0.008368894457817078,0.005141600214058448,0.5756698670142598,0.267301614594008,0.0,2384.912452956,1.0,0.0,1,False,0.0,0.0,4,False,0.0,0.0,480,0.0,0.17148582637310028,-0.0335494726896286,-0.9846152067184448,0.5833333333333334,0.5833333333333334,2.732947587966919,1.4026927004257839,-2.752925395965576,1.686715647404607,True,True,True,True,0.10324270650744438,0.009184886701405048,0.16666666666666666,0.5800000476837158,0.2676721889028946
0.003964994514165315,0.5833333333333334,0.0,0.0,0.0,0.0,0.008368894457817078,0.005141600214058448,0.5756698670142598,0.2680433546618079,0.0,2384.932384026,1.0,0.0,1,False,0.0,0.0,4,False,0.0,0.0,481,0.0,0.1745096743106842,-0.034236639738082886,-0.9840600490570068,0.5833333333333334,0.5833333333333334,2.741166353225708,1.405608158558607,-2.756868362426758,1.6905765235991557,True,True,True,True,0.10324270650744438,0.009224084205925465,0.16666666666666666,0.5800000476837158,0.26841392897069455
0.003538512563227276,0.5833333333333334,0.0,0.0,0.0,0.0,0.008368894457817078,0.005141600214058448,0.5756698670142598,0.2686208670142248,0.0,2384.953619335,1.0,0.0,1,False,0.0,0.0,4,False,0.0,0.0,482,0.0,0.176777645945549,-0.034644197672605515,-0.9836409091949463,0.5833333333333334,0.5833333333333334,2.748997688293457,1.40862660544614,-2.7605462074279785,1.6947329033088887,True,True,True,True,0.10324270650744438,0.0091749532148242,0.16666666666666666,0.5800000476837158,0.2689914413231114
0.0029058081642349166,0.5833333333333334,0.0,0.0,0.0,0.0,0.008368894457817078,0.005141600214058448,0.5756698670142598,0.2690092736193741,0.0,2384.973356168,1.0,0.0,1,False,0.0,0.0,4,False,0.0,0.0,483,0.0,0.1806129515171051,-0.03494367003440857,-0.9829332828521729,0.5833333333333334,0.5833333333333334,2.763202667236328,1.412408245106538,-2.771022319793701,1.7016868348741614,True,True,True,True,0.10324270650744438,0.009104214298228422,0.16666666666666666,0.5800000476837158,0.26937984792826075
0.003202922390955386,0.5833333333333334,0.0,0.0,0.0,0.0,0.008368894457817078,0.005141600214058448,0.5756698670142598,0.26922515512349254,0.0,2384.993369482,1.0,0.0,1,False,0.0,0.0,4,False,0.0,0.0,484,0.0,0.183682382106781,-0.03503255918622017,-0.9823611974716187,0.5833333333333334,0.5833333333333334,2.774651288986206,1.4150923204918702,-2.777634382247925,1.7066737885716483,True,True,True,True,0.10324270650744438,0.009041059451798597,0.16666666666666666,0.5800000476837158,0.2695957294323792
0.004230485463432127,0.5833333333333334,0.0,0.0,0.0,0.0,0.008368894457817078,0.005141600214058448,0.5756698670142598,0.2711761517409687,0.0,2385.012449529,1.0,0.0,1,False,0.0,0.0,4,False,0.0,0.0,485,0.0,0.1858445107936859,-0.036846138536930084,-0.9818880558013916,0.5833333333333334,0.5833333333333334,2.7788355350494385,1.4191294144839048,-2.7763869762420654,1.709263206467803,True,True,True,True,0.10324270650744438,0.009131844155490398,0.16666666666666666,0.5800000476837158,0.27154672604985536
0.003699504050529021,0.5833333333333334,0.0,0.0,0.0,0.0,0.008368894457817078,0.005141600214058448,0.5756698670142598,0.27077559673132545,0.0,2385.031214015,1.0,0.0,1,False,0.0,0.0,4,False,0.0,0.0,485,0.0,0.18635857105255127,-0.03555230423808098,-0.9818383455276489,0.5833333333333334,0.5833333333333334,2.779317855834961,1.4212975328167279,-2.7796621322631836,1.7127806204321023,True,True,True,True,0.10324270650744438,0.009035736011962095,0.16666666666666666,0.5800000476837158,0.2711461710402121
0.0035668640603376267,0.5833333333333334,0.0,0.0,0.0,0.0,0.008368894457817078,0.005141600214058448,0.5756698670142598,0.26881932661618585,0.0,2385.051392983,1.0,0.0,1,False,0.0,0.0,4,False,0.0,0.0,486,0.0,0.18643634021282196,-0.033801961690187454,-0.9818853735923767,0.5833333333333334,0.5833333333333334,2.781646251678467,1.4178290491302807,-2.7865846157073975,1.7125342286714529,True,True,True,True,0.10324270650744438,0.008975665085017681,0.16666666666666666,0.5800000476837158,0.2691899009250725
0.00420718210534379,0.5833333333333334,0.0,0.0,0.0,0.0,0.008368894457817078,0.005141600214058448,0.5756698670142598,0.26872302572768975,0.0,2385.072680206,1.0,0.0,1,False,0.0,0.0,4,False,0.0,0.0,488,0.0,0.18390318751335144,-0.0342840775847435,-0.9823462963104248,0.5833333333333334,0.5833333333333334,2.7749569416046143,1.4140989780426025,-2.7788026332855225,1.7066397372354158,True,True,True,True,0.10324270650744438,0.009056393367548784,0.16666666666666666,0.5800000476837158,0.2690936000365764
0.0026104686533763213,0.5833333333333334,0.0,0.0,0.0,0.0,0.008368894457817078,0.005141600214058448,0.5756698670142598,0.26881154382506556,0.0,2385.092484701,1.0,0.0,1,False,0.0,0.0,4,False,0.0,0.0,489,0.0,0.18592923879623413,-0.0348375029861927,-0.9819453358650208,0.5833333333333334,0.5833333333333334,2.783334255218506,1.415369079137842,-2.7839155197143555,1.7098499016098048,True,True,True,True,0.10324270650744438,0.008991268463432789,0.16666666666666666,0.5800000476837158,0.2691821181339522
0.004261537264220196,0.5833333333333334,0.0,0.0,0.0,0.0,0.008368894457817078,0.005141600214058448,0.5756698670142598,0.26830825423416543,0.0,2385.112443768,1.0,0.0,1,False,0.0,0.0,4,False,0.0,0.0,490,0.0,0.18588986992835999,-0.03401489928364754,-0.981981635093689,0.5833333333333334,0.5833333333333334,2.7830398082733154,1.4150977317864697,-2.785737991333008,1.7101739603775103,True,True,True,True,0.10324270650744438,0.0090015750999252,0.16666666666666666,0.5800000476837158,0.2686788285430521
0.0032775719579293938,0.5833333333333334,0.0,0.0,0.0,0.0,0.008368894457817078,0.005141600214058448,0.5756698670142598,0.2677769406987955,0.0,2385.131187839,1.0,0.0,1,False,0.0,0.0,4,False,0.0,0.0,490,0.0,0.1864061802625656,-0.03378849849104881,-0.9818915724754333,0.5833333333333334,0.5833333333333334,2.784280776977539,1.4126284976179402,-2.787825345993042,1.709658819405685,True,True,True,True,0.10324270650744438,0.009014065998295942,0.16666666666666666,0.5800000476837158,0.2678924586243617
0.0030976139550245654,0.5833333333333334,0.0,0.0,0.0,0.0,0.008368894457817078,0.005141600214058448,0.5756698670142598,0.268496805805696,0.0,2385.151398597,1.0,0.0,1,False,0.0,0.0,4,False,0.0,0.0,491,0.0,0.185217022895813,-0.034853480756282806,-0.9820793867111206,0.5833333333333334,0.5833333333333334,2.7816336154937744,1.4133771214013298,-2.781346321105957,1.707804795831092,True,True,True,True,0.10324270650744438,0.009041811960438887,0.16666666666666666,0.5800000476837158,0.26886738011458267
0.002669402073209065,0.5833333333333334,0.0,0.0,0.0,0.0,0.008368894457817078,0.005141600214058448,0.5756698670142598,0.2693868314030721,0.0,2385.172566244,1.0,0.0,1,False,0.0,0.0,4,False,0.0,0.0,493,0.0,0.18505267798900604,-0.035232026129961014,-0.9820968508720398,0.5833333333333334,0.5833333333333334,2.7799432277679443,1.4163648132234812,-2.7805936336517334,1.709456107899274,True,True,True,True,0.10324270650744438,0.009027044288814068,0.16666666666666666,0.5800000476837158,0.2697574057119588
0.003225550231276676,0.5833333333333334,0.0,0.0,0.0,0.0,0.008368894457817078,0.005141600214058448,0.5756698670142598,0.26911367786798174,0.0,2385.191269485,1.0,0.0,1,False,0.0,0.0,4,False,0.0,0.0,493,0.0,0.1864849030971527,-0.034728068858385086,-0.9818438291549683,0.5833333333333334,0.5833333333333334,2.7835330963134766,1.4172783487786849,-2.7856643199920654,1.7120458562984897,True,True,True,True,0.10324270650744438,0.009002667230864366,0.16666666666666666,0.5800000476837158,0.2694842521768684
0.0031814721510951527,0.5833333333333334,0.0,0.0,0.0,0.0,0.008368894457817078,0.005141600214058448,0.5756698670142598,0.2701137968919381,0.0,2385.21247738,1.0,0.0,1,False,0.0,0.0,4,False,0.0,0.0,495,0.0,0.18629631400108337,-0.035732898861169815,-0.9818435907363892,0.5833333333333334,0.5833333333333334,2.7829368114471436,1.4182840393235285,-2.7811858654022217,1.7112842759274811,True,True,True,True,0.10324270650744438,0.009029756300151348,0.16666666666666666,0.5800000476837158,0.27048437120082475
0.003756960848468925,0.5833333333333334,0.0,0.0,0.0,0.0,0.008368894457817078,0.005141600214058448,0.5756698670142598,0.27141481339526224,0.0,2385.232450738,1.0,0.0,1,False,0.0,0.0,4,False,0.0,0.0,496,0.0,0.1864316463470459,-0.036379143595695496,-0.9817941784858704,0.5833333333333334,0.5833333333333334,2.7819371223449707,1.422056180735429,-2.778856039047241,1.7127601834679844,True,True,True,True,0.10324270650744438,0.009042411732176939,0.16666666666666666,0.5800000476837158,0.2717853877041489
0.0030005957281654884,0.5833333333333334,0.0,0.0,0.0,0.0,0.008368894457817078,0.005141600214058448,0.5756698670142598,0.27235939342433757,0.0,2385.251350839,1.0,0.0,1,False,0.0,0.0,4,False,0.0,0.0,496,0.0,0.185780867934227,-0.03674985095858574,-0.9819037318229675,0.5833333333333334,0.5833333333333334,2.7774219512939453,1.4242935975392659,-2.7749063968658447,1.7127848481096768,True,True,True,True,0.10324270650744438,0.009041609552999338,0.16666666666666666,0.5800000476837158,0.2727299677332242
0.003150863204293111,0.5833333333333334,0.0,0.0,0.0,0.0,0.008368894457817078,0.005141600214058448,0.5756698670142598,0.27121809470682884,0.0,2385.272525778,1.0,0.0,1,False,0.0,0.0,4,False,0.0,0.0,498,0.0,0.18605974316596985,-0.03524094820022583,-0.9819062352180481,0.5833333333333334,0.5833333333333334,2.7782907485961914,1.4236611022303503,-2.7808663845062256,1.7143452413969955,True,True,True,True,0.10324270650744438,0.00897670816630125,0.16666666666666666,0.5800000476837158,0.2715886690157155
0.0030553492823270734,0.5833333333333334,0.0,0.0,0.0,0.0,0.008368894457817078,0.005141600214058448,0.5756698670142598,0.2722669933416401,0.0,2385.292472888,1.0,0.0,1,False,0.0,0.0,4,False,0.0,0.0,499,0.0,0.18603794276714325,-0.036697689443826675,-0.9818570017814636,0.5833333333333334,0.5833333333333334,2.7809243202209473,1.4240010256568592,-2.7768242359161377,1.7131302612853392,True,True,True,True,0.10324270650744438,0.008978601234654585,0.16666666666666666,0.5800000476837158,0.27263756765052677
0.004233877461857764,0.5833333333333334,0.0,0.0,0.0,0.0,0.008368894457817078,0.005141600214058448,0.5756698670142598,0.2731816827279036,0.0,2385.311278205,1.0,0.0,1,False,0.0,0.0,4,False,0.0,0.0,499,0.0,0.18586856126785278,-0.03692615032196045,-0.9818804860115051,0.5833333333333334,0.5833333333333334,2.7773842811584473,1.4269545835753281,-2.7745728492736816,1.7139777319177487,True,True,True,True,0.10324270650744438,0.009032183326780796,0.16666666666666666,0.5800000476837158,0.27355225703679026
0.004703894044500286,0.5833333333333334,0.0,0.0,0.0,0.0,0.008368894457817078,0.005141600214058448,0.5756698670142598,0.2727977263700669,0.0,2385.332335027,1.0,0.0,1,False,0.0,0.0,4,False,0.0,0.0,501,0.0,0.18501543998718262,-0.036194443702697754,-0.9820688366889954,0.5833333333333334,0.5833333333333334,2.7718844413757324,1.4260779035588105,-2.7736623287200928,1.713038694146838,True,True,True,True,0.10324270650744438,0.009052883523205916,0.16666666666666666,0.5800000476837158,0.27316830067895354
0.0037559641618423113,0.5833333333333334,0.0,0.0,0.0,0.0,0.008368894457817078,0.005141600214058448,0.5756698670142598,0.2738029547460829,0.0,2385.352409294,1.0,0.0,1,False,0.0,0.0,4,False,0.0,0.0,502,0.0,0.1862218677997589,-0.03759421408176422,-0.9817882180213928,0.5833333333333334,0.5833333333333334,2.776384115219116,1.4273996371775866,-2.772564649581909,1.7137449867170749,True,True,True,True,0.10324270650744438,0.009065312333405018,0.16666666666666666,0.5800000476837158,0.27417352905496956
0.0038814802768999007,0.5833333333333334,0.0,0.0,0.0,0.0,0.008368894457817078,0.005141600214058448,0.5756698670142598,0.2726433956644639,0.0,2385.372648925,1.0,0.0,1,False,0.0,0.0,4,False,0.0,0.0,503,0.0,0.18680356442928314,-0.036077070981264114,-0.9817346334457397,0.5833333333333334,0.5833333333333334,2.7774040699005127,1.4272609359274309,-2.7780799865722656,1.7158677930020674,True,True,True,True,0.10324270650744438,0.009009717963635921,0.16666666666666666,0.5800000476837158,0.27301396997335053
0.003566305651859778,0.5833333333333334,0.0,0.0,0.0,0.0,0.008368894457817078,0.005141600214058448,0.5756698670142598,0.27304052961584974,0.0,2385.392746233,1.0,0.0,1,False,0.0,0.0,4,False,0.0,0.0,504,0.0,0.18805286288261414,-0.036965686827898026,-0.9814630150794983,0.5833333333333334,0.5833333333333334,2.7856264114379883,1.4273481909185648,-2.780186414718628,1.7169439410304352,True,True,True,True,0.10324270650744438,0.008952534136672815,0.16666666666666666,0.5800000476837158,0.2734111039247364
0.002560212150640213,0.5833333333333334,0.0,0.0,0.0,0.0,0.008368894457817078,0.005141600214058448,0.5756698670142598,0.27258779896638835,0.0,2385.412535564,1.0,0.0,1,False,0.0,0.0,4,False,0.0,0.0,505,0.0,0.1867639273405075,-0.03610816225409508,-0.9817410111427307,0.5833333333333334,0.5833333333333334,2.781041383743286,1.4273716136813164,-2.7791197299957275,1.7165169068529962,True,True,True,True,0.10324270650744438,0.00893604476004839,0.16666666666666666,0.5800000476837158,0.272958373275275
0.002948298290777546,0.5833333333333334,0.0,0.0,0.0,0.0,0.008368894457817078,0.005141600214058448,0.5756698670142598,0.2713530041547323,0.0,2385.431206434,1.0,0.0,1,False,0.0,0.0,4,False,0.0,0.0,505,0.0,0.18567582964897156,-0.03512321040034294,-0.9819831252098083,0.5833333333333334,0.5833333333333334,2.777235746383667,1.423908706754446,-2.7801218032836914,1.7139159892673286,True,True,True,True,0.10324270650744438,0.008961520778636137,0.16666666666666666,0.5800000476837158,0.27172357846361894
0.0014303056908047168,0.5833333333333334,0.0,0.0,0.0,0.0,0.008368894457817078,0.005141600214058448,0.5756698670142598,0.27089565135133314,0.0,2385.45243737,1.0,0.0,1,False,0.0,0.0,4,False,0.0,0.0,507,0.0,0.18600010871887207,-0.03554673492908478,-0.981906533241272,0.5833333333333334,0.5833333333333334,2.7803916931152344,1.421476449817419,-2.7805652618408203,1.712802048480602,True,True,True,True,0.10324270650744438,0.008949823367098967,0.16666666666666666,0.5800000476837158,0.2712662256602198
0.003095196382982715,0.5833333333333334,0.0,0.0,0.0,0.0,0.008368894457817078,0.005141600214058448,0.5756698670142598,0.26986379374655134,0.0,2385.472545179,1.0,0.0,1,False,0.0,0.0,4,False,0.0,0.0,508,0.0,0.186314657330513,-0.03458652272820473,-0.9818811416625977,0.5833333333333334,0.5833333333333334,2.782473564147949,1.4201444455732901,-2.7845675945281982,1.7131792648910127,True,True,True,True,0.10324270650744438,0.008949585569401583,0.16666666666666666,0.5800000476837158,0.270234368055438
0.00275328859876763,0.5833333333333334,0.0,0.0,0.0,0.0,0.008368894457817078,0.005141600214058448,0.5756698670142598,0.27084600277771104,0.0,2385.492437752,1.0,0.0,1,False,0.0,0.0,4,False,0.0,0.0,509,0.0,0.1843855082988739,-0.03589395806193352,-0.9821983575820923,0.5833333333333334,0.5833333333333334,2.7750730514526367,1.419100133702159,-2.775137186050415,1.7089293472566582,True,True,True,True,0.10324270650744438,0.009053131255010763,0.16666666666666666,0.5800000476837158,0.2712165770865977
0.0038419103193740828,0.5833333333333334,0.0,0.0,0.0,0.0,0.008368894457817078,0.005141600214058448,0.5756698670142598,0.27186054965696776,0.0,2385.512563643,1.0,0.0,1,False,0.0,0.0,4,False,0.0,0.0,510,0.0,0.1840667575597763,-0.036334116011857986,-0.9822419881820679,0.5833333333333334,0.5833333333333334,2.772892713546753,1.4222558339436848,-2.7724862098693848,1.709959147743987,True,True,True,True,0.10324270650744438,0.00905654982974132,0.16666666666666666,0.5800000476837158,0.2722311239658544
0.0028449738141573867,0.5833333333333334,0.0,0.0,0.0,0.0,0.008368894457817078,0.005141600214058448,0.5756698670142598,0.2706049631464436,0.0,2385.531148185,1.0,0.0,1,False,0.0,0.0,4,False,0.0,0.0,510,0.0,0.185374915599823,-0.03495589643716812,-0.9820459485054016,0.5833333333333334,0.5833333333333334,2.776657819747925,1.4215635371704896,-2.780730962753296,1.7126409859711766,True,True,True,True,0.10324270650744438,0.008981743517021338,0.16666666666666666,0.5800000476837158,0.27097553745533026
0.0033315213124405457,0.5833333333333334,0.0,0.0,0.0,0.0,0.008368894457817078,0.005141600214058448,0.5756698670142598,0.2708856395560458,0.0,2385.552463698,1.0,0.0,1,False,0.0,0.0,4,False,0.0,0.0,512,0.0,0.18555930256843567,-0.0357903316617012,-0.9819810390472412,0.5833333333333334,0.5833333333333334,2.777731418609619,1.4202111195772886,-2.7783353328704834,1.710807313262642,True,True,True,True,0.10324270650744438,0.009049927505354086,0.16666666666666666,0.5800000476837158,0.2712562138649324
0.0035304704376505885,0.5833333333333334,0.0,0.0,0.0,0.0,0.008368894457817078,0.005141600214058448,0.5756698670142598,0.27037379056741345,0.0,2385.572605046,1.0,0.0,1,False,0.0,0.0,4,False,0.0,0.0,513,0.0,0.1847909837961197,-0.03503783792257309,-0.982153058052063,0.5833333333333334,0.5833333333333334,2.7759249210357666,1.4198936360577743,-2.777926206588745,1.7106136537850527,True,True,True,True,0.10324270650744438,0.009007826757927736,0.16666666666666666,0.5800000476837158,0.2707443648763001
0.0030389253905159785,0.5833333333333334,0.0,0.0,0.0,0.0,0.008368894457817078,0.005141600214058448,0.5756698670142598,0.27074194533034707,0.0,2385.591231294,1.0,0.0,1,False,0.0,0.0,4,False,0.0,0.0,513,0.0,0.1845676153898239,-0.03573036566376686,-0.9821701049804688,0.5833333333333334,0.5833333333333334,2.7744176387786865,1.419454254830877,-2.776599645614624,1.7095612152192088,True,True,True,True,0.10324270650744438,0.009056819913287958,0.16666666666666666,0.5800000476837158,0.2711125196392337
0.0026274903906897814,0.5833333333333334,0.0,0.0,0.0,0.0,0.008368894457817078,0.005141600214058448,0.5756698670142598,0.2698813213150158,0.0,2385.612545932,1.0,0.0,1,False,0.0,0.0,4,False,0.0,0.0,515,0.0,0.18525263667106628,-0.03487930819392204,-0.9820717573165894,0.5833333333333334,0.5833333333333334,2.7778072357177734,1.4190139739463727,-2.780449867248535,1.7110719443236138,True,True,True,True,0.10324270650744438,0.008984346874058247,0.16666666666666666,0.5800000476837158,0.27025189562390245
0.0038193822955768226,0.5833333333333334,0.0,0.0,0.0,0.0,0.008368894457817078,0.005141600214058448,0.5756698670142598,0.26850391381480593,0.0,2385.632331764,1.0,0.0,1,False,0.0,0.0,4,False,0.0,0.0,516,0.0,0.18584947288036346,-0.033813655376434326,-0.9819962382316589,0.5833333333333334,0.5833333333333334,2.780869960784912,1.4160428730150063,-2.7861733436584473,1.7107625579874226,True,True,True,True,0.10324270650744438,0.009000525809824467,0.16666666666666666,0.5800000476837158,0.2688744881236926
0.0032966316925922287,0.5833333333333334,0.0,0.0,0.0,0.0,0.008368894457817078,0.005141600214058448,0.5756698670142598,0.2702933185926159,0.0,2385.652447155,1.0,0.0,1,False,0.0,0.0,4,False,0.0,0.0,517,0.0,0.1873549371957779,-0.036460522562265396,-0.9816153645515442,0.5833333333333334,0.5833333333333334,2.785794496536255,1.417332434716324,-2.7813615798950195,1.7105406417575078,True,True,True,True,0.10324270650744438,0.0090819854910175,0.16666666666666666,0.5800000476837158,0.27066389290150256
0.0036793930582722932,0.5833333333333334,0.0,0.0,0.0,0.0,0.008368894457817078,0.005141600214058448,0.5756698670142598,0.2702112586352184,0.0,2385.672583253,1.0,0.0,1,False,0.0,0.0,4,False,0.0,0.0,518,0.0,0.18469399213790894,-0.03518175333738327,-0.9821661710739136,0.5833333333333334,0.5833333333333334,2.7744317054748535,1.419158920024832,-2.776717185974121,1.710255465278149,True,True,True,True,0.10324270650744438,0.009059028389553228,0.16666666666666666,0.5800000476837158,0.27058183294410504
0.0025742001652222977,0.5833333333333334,0.0,0.0,0.0,0.0,0.008368894457817078,0.005141600214058448,0.5756698670142598,0.26987993154890383,0.0,2385.691291453,1.0,0.0,1,False,0.0,0.0,4,False,0.0,0.0,518,0.0,0.18494339287281036,-0.03497367724776268,-0.9821266531944275,0.5833333333333334,0.5833333333333334,2.777543783187866,1.418628714978695,-2.7805373668670654,1.7107314426520182,True,True,True,True,0.10324270650744438,0.008995569311082363,0.16666666666666666,0.5800000476837158,0.2702505058577905
0.0013654881871709638,0.5833333333333334,0.0,0.0,0.0,0.0,0.008368894457817078,0.005141600214058448,0.5756698670142598,0.2690858657043258,0.0,2385.712450644,1.0,0.0,1,False,0.0,0.0,4,False,0.0,0.0,520,0.0,0.18738190829753876,-0.03456570953130722,-0.9816787838935852,0.5833333333333334,0.5833333333333334,2.7895700931549072,1.4184070462360978,-2.789006471633911,1.7142954945473292,True,True,True,True,0.10324270650744438,0.008870849696298441,0.16666666666666666,0.5800000476837158,0.26945644001321245
0.002029117437719898,0.5833333333333334,0.0,0.0,0.0,0.0,0.008368894457817078,0.005141600214058448,0.5756698670142598,0.27043781100056613,0.0,2385.732438294,1.0,0.0,1,False,0.0,0.0,4,False,0.0,0.0,521,0.0,0.18671542406082153,-0.03587516024708748,-0.9817587733268738,0.5833333333333334,0.5833333333333334,2.786759376525879,1.4198084821303685,-2.783331871032715,1.7130366894059117,True,True,True,True,0.10324270650744438,0.008957155980169773,0.16666666666666666,0.5800000476837158,0.2708083853094528
0.0032916118595362432,0.5833333333333334,0.0,0.0,0.0,0.0,0.008368894457817078,0.005141600214058448,0.5756698670142598,0.26944718296855236,0.0,2385.751248571,1.0,0.0,1,False,0.0,0.0,4,False,0.0,0.0,521,0.0,0.18633399903774261,-0.034331489354372025,-0.9818864464759827,0.5833333333333334,0.5833333333333334,2.782101631164551,1.4193771968906124,-2.785494089126587,1.7134248942685573,True,True,True,True,0.10324270650744438,0.008976713754236698,0.16666666666666666,0.5800000476837158,0.269817757277439
0.002078387687759896,0.5833333333333334,0.0,0.0,0.0,0.0,0.008368894457817078,0.005141600214058448,0.5756698670142598,0.2703466084434792,0.0,2385.772379181,1.0,0.0,1,False,0.0,0.0,4,False,0.0,0.0,523,0.0,0.18595121800899506,-0.035767775028944016,-0.9819077253341675,0.5833333333333334,0.5833333333333334,2.7831921577453613,1.4190187106529872,-2.7801945209503174,1.7112190945539014,True,True,True,True,0.10324270650744438,0.008970100122193495,0.16666666666666666,0.5800000476837158,0.27071718275236584
0.0031734424471952126,0.5833333333333334,0.0,0.0,0.0,0.0,0.008368894457817078,0.005141600214058448,0.5756698670142598,0.2699720564645856,0.0,2385.792383746,1.0,0.0,1,False,0.0,0.0,4,False,0.0,0.0,524,0.0,0.1875276267528534,-0.03502943739295006,-0.9816344976425171,0.5833333333333334,0.5833333333333334,2.787402391433716,1.4206807631999254,-2.787034273147583,1.7146757930961185,True,True,True,True,0.10324270650744438,0.008945839169124762,0.16666666666666666,0.5800000476837158,0.27034263077347226
0.0033470118380115577,0.5833333333333334,0.0,0.0,0.0,0.0,0.008368894457817078,0.005141600214058448,0.5756698670142598,0.27002095543995047,0.0,2385.81239152,1.0,0.0,1,False,0.0,0.0,4,False,0.0,0.0,525,0.0,0.18445366621017456,-0.03506631776690483,-0.9822154641151428,0.5833333333333334,0.5833333333333334,2.774484634399414,1.417921956628561,-2.7774696350097656,1.7091862583299355,True,True,True,True,0.10324270650744438,0.009053522410492102,0.16666666666666666,0.5800000476837158,0.2703915297488371
0.004067288349278855,0.5833333333333334,0.0,0.0,0.0,0.0,0.008368894457817078,0.005141600214058448,0.5756698670142598,0.26897925554058993,0.0,2385.832372754,1.0,0.0,1,False,0.0,0.0,4,False,0.0,0.0,526,0.0,0.18554598093032837,-0.03416239842772484,-0.9820415377616882,0.5833333333333334,0.5833333333333334,2.7801413536071777,1.4171614131579797,-2.7839932441711426,1.710860496948385,True,True,True,True,0.10324270650744438,0.008992955399056276,0.16666666666666666,0.5800000476837158,0.2693498298494766
0.0027188218853116063,0.5833333333333334,0.0,0.0,0.0,0.0,0.008368894457817078,0.005141600214058448,0.5756698670142598,0.27055121163121904,0.0,2385.851332062,1.0,0.0,1,False,0.0,0.0,4,False,0.0,0.0,526,0.0,0.18587341904640198,-0.036295779049396515,-0.981903076171875,0.5833333333333334,0.5833333333333334,2.7812604904174805,1.4181206940362852,-2.7783267498016357,1.709634003250151,True,True,True,True,0.10324270650744438,0.009055457698802153,0.16666666666666666,0.5800000476837158,0.2709217859401057
0.004193784997549109,0.5833333333333334,0.0,0.0,0.0,0.0,0.008368894457817078,0.005141600214058448,0.5756698670142598,0.26872087223826147,0.0,2385.872480754,1.0,0.0,1,False,0.0,0.0,4,False,0.0,0.0,528,0.0,0.18719226121902466,-0.033856503665447235,-0.9817396998405457,0.5833333333333334,0.5833333333333334,2.783935546875,1.4180090309431155,-2.788365125656128,1.7135107008614467,True,True,True,True,0.10324270650744438,0.008992964091400305,0.16666666666666666,0.5800000476837158,0.2690914465471481
0.004504040347707992,0.5833333333333334,0.0,0.0,0.0,0.0,0.008368894457817078,0.005141600214058448,0.5756698670142598,0.2689796543794825,0.0,2385.892457905,1.0,0.0,1,False,0.0,0.0,4,False,0.0,0.0,529,0.0,0.18590742349624634,-0.034824199974536896,-0.9819499254226685,0.5833333333333334,0.5833333333333334,2.780773162841797,1.4149423738320668,-2.7817676067352295,1.7086907558243076,True,True,True,True,0.10324270650744438,0.00908010546118021,0.16666666666666666,0.5800000476837158,0.26935022868836916
0.0023902241993313095,0.5833333333333334,0.0,0.0,0.0,0.0,0.008368894457817078,0.005141600214058448,0.5756698670142598,0.26863827288987285,0.0,2385.911198478,1.0,0.0,1,False,0.0,0.0,4,False,0.0,0.0,529,0.0,0.1874459683895111,-0.034699369221925735,-0.981661856174469,0.5833333333333334,0.5833333333333334,2.7876932621002197,1.4159437520429492,-2.7872109413146973,1.7121596874835674,True,True,True,True,0.10324270650744438,0.008976226982971033,0.16666666666666666,0.5800000476837158,0.2690088471987595
0.00162162965247803,0.5833333333333334,0.0,0.0,0.0,0.0,0.008368894457817078,0.005141600214058448,0.5756698670142598,0.26896631260152454,0.0,2385.932290007,1.0,0.0,1,False,0.0,0.0,4,False,0.0,0.0,531,0.0,0.18700551986694336,-0.03498489782214165,-0.9817357063293457,0.5833333333333334,0.5833333333333334,2.7876148223876953,1.4166257198279102,-2.7862720489501953,1.712376952600158,True,True,True,True,0.10324270650744438,0.008950988141198954,0.16666666666666666,0.5800000476837158,0.2693368869104112
0.004118725983261448,0.5833333333333334,0.0,0.0,0.0,0.0,0.008368894457817078,0.005141600214058448,0.5756698670142598,0.2697970980116928,0.0,2385.952333653,1.0,0.0,1,False,0.0,0.0,4,False,0.0,0.0,532,0.0,0.18640051782131195,-0.03538795933127403,-0.9818363189697266,0.5833333333333334,0.5833333333333334,2.783543825149536,1.4182512927800417,-2.7825381755828857,1.7113193416423744,True,True,True,True,0.10324270650744438,0.009033550508320332,0.16666666666666666,0.5800000476837158,0.2701676723205795
0.00424306964990491,0.5833333333333334,0.0,0.0,0.0,0.0,0.008368894457817078,0.005141600214058448,0.5756698670142598,0.27086645120660013,0.0,2385.972470043,1.0,0.0,1,False,0.0,0.0,4,False,0.0,0.0,533,0.0,0.18532033264636993,-0.03594287112355232,-0.9820206165313721,0.5833333333333334,0.5833333333333334,2.777904510498047,1.419792126243313,-2.777108669281006,1.7103601600122766,True,True,True,True,0.10324270650744438,0.00906861045708259,0.16666666666666666,0.5800000476837158,0.2712370255154868
0.002538203178032759,0.5833333333333334,0.0,0.0,0.0,0.0,0.008368894457817078,0.005141600214058448,0.5756698670142598,0.2701209213544135,0.0,2385.992819917,1.0,0.0,1,False,0.0,0.0,4,False,0.0,0.0,534,0.0,0.18412655591964722,-0.03476950526237488,-0.9822874069213867,0.5833333333333334,0.5833333333333334,2.774087905883789,1.4195664823055267,-2.7778937816619873,1.7105179080395374,True,True,True,True,0.10324270650744438,0.008984598331153393,0.16666666666666666,0.5800000476837158,0.27049149566330016
0.002311992193533635,0.5833333333333334,0.0,0.0,0.0,0.0,0.008368894457817078,0.005141600214058448,0.5756698670142598,0.2696690386741563,0.0,2386.012388764,1.0,0.0,1,False,0.0,0.0,4,False,0.0,0.0,535,0.0,0.1871483325958252,-0.034987255930900574,-0.9817084074020386,0.5833333333333334,0.5833333333333334,2.7862730026245117,1.419103853404522,-2.7871806621551514,1.713490221885194,True,True,True,True,0.10324270650744438,0.008952244805792967,0.16666666666666666,0.5800000476837158,0.27003961298304296
0.003776956494392202,0.5833333333333334,0.0,0.0,0.0,0.0,0.008368894457817078,0.005141600214058448,0.5756698670142598,0.26983475619521785,0.0,2386.033339428,1.0,0.0,1,False,0.0,0.0,4,False,0.0,0.0,536,0.0,0.18752102553844452,-0.03532896190881729,-0.9816250205039978,0.5833333333333334,0.5833333333333334,2.785888433456421,1.4186229289819796,-2.7845876216888428,1.7126003512289654,True,True,True,True,0.10324270650744438,0.009027906693518162,0.16666666666666666,0.5800000476837158,0.2702053305041045
0.0038192400061785913,0.5833333333333334,0.0,0.0,0.0,0.0,0.008368894457817078,0.005141600214058448,0.5756698670142598,0.26904671488234944,0.0,2386.052362023,1.0,0.0,1,False,0.0,0.0,4,False,0.0,0.0,537,0.0,0.18630103766918182,-0.03447403758764267,-0.981887698173523,0.5833333333333334,0.5833333333333334,2.7809956073760986,1.416912658760945,-2.7834763526916504,1.7111081328169049,True,True,True,True,0.10324270650744438,0.009030136900643507,0.16666666666666666,0.5800000476837158,0.2694172891912361
0.003333636170296274,0.5833333333333334,0.0,0.0,0.0,0.0,0.008368894457817078,0.005141600214058448,0.5756698670142598,0.2685149336115598,0.0,2386.071214005,1.0,0.0,1,False,0.0,0.0,4,False,0.0,0.0,537,0.0,0.18615159392356873,-0.03431243449449539,-0.9819217324256897,0.5833333333333334,0.5833333333333334,2.782494306564331,1.41520748163263,-2.7850120067596436,1.7102813897366977,True,True,True,True,0.10324270650744438,0.009016251501937708,0.16666666666666666,0.5800000476837158,0.26888550792044646
0.002890575611249718,0.5833333333333334,0.0,0.0,0.0,0.0,0.008368894457817078,0.005141600214058448,0.5756698670142598,0.2696934087471867,0.0,2386.092358905,1.0,0.0,1,False,0.0,0.0,4,False,0.0,0.0,539,0.0,0.1854952871799469,-0.035650260746479034,-0.9819982647895813,0.5833333333333334,0.5833333333333334,2.7811574935913086,1.4164624555657308,-2.779254913330078,1.7090406371296323,True,True,True,True,0.10324270650744438,0.009033676547308763,0.16666666666666666,0.5800000476837158,0.2700639830560734
0.0029864868794788908,0.5833333333333334,0.0,0.0,0.0,0.0,0.008368894457817078,0.005141600214058448,0.5756698670142598,0.2707239012659048,0.0,2386.112590663,1.0,0.0,1,False,0.0,0.0,4,False,0.0,0.0,540,0.0,0.18643701076507568,-0.03606831282377243,-0.981804609298706,0.5833333333333334,0.5833333333333334,2.782406806945801,1.4202653312434752,-2.7808563709259033,1.7121813617144712,True,True,True,True,0.10324270650744438,0.009034840079645315,0.16666666666666666,0.5800000476837158,0.27109447557479144
0.003386459521925326,0.5833333333333334,0.0,0.0,0.0,0.0,0.008368894457817078,0.005141600214058448,0.5756698670142598,0.2704559280962204,0.0,2386.131073713,1.0,0.0,1,False,0.0,0.0,4,False,0.0,0.0,540,0.0,0.18514284491539001,-0.035161640495061874,-0.9820823669433594,0.5833333333333334,0.5833333333333334,2.7768070697784424,1.42029742586116,-2.778672695159912,1.7113347788941635,True,True,True,True,0.10324270650744438,0.00902136197934548,0.16666666666666666,0.5800000476837158,0.27082650240510703
0.003353620342856986,0.5833333333333334,0.0,0.0,0.0,0.0,0.008368894457817078,0.005141600214058448,0.5756698670142598,0.26996034713988054,0.0,2386.152484303,1.0,0.0,1,False,0.0,0.0,4,False,0.0,0.0,542,0.0,0.18572059273719788,-0.03493603318929672,-0.9819813370704651,0.5833333333333334,0.5833333333333334,2.7799253463745117,1.419180356586973,-2.7818946838378906,1.7114403622989327,True,True,True,True,0.10324270650744438,0.008996251039206982,0.16666666666666666,0.5800000476837158,0.2703309214487672
0.0033144096119132774,0.5833333333333334,0.0,0.0,0.0,0.0,0.008368894457817078,0.005141600214058448,0.5756698670142598,0.2700211254839306,0.0,2386.172378918,1.0,0.0,1,False,0.0,0.0,4,False,0.0,0.0,543,0.0,0.1844828724861145,-0.035113997757434845,-0.982208251953125,0.5833333333333334,0.5833333333333334,2.775259017944336,1.417925429220001,-2.7777695655822754,1.7090226147327452,True,True,True,True,0.10324270650744438,0.009045879356563091,0.16666666666666666,0.5800000476837158,0.27039169979281724
0.003922526159429665,0.5833333333333334,0.0,0.0,0.0,0.0,0.008368894457817078,0.005141600214058448,0.5756698670142598,0.27021260625898386,0.0,2386.191190944,1.0,0.0,1,False,0.0,0.0,4,False,0.0,0.0,543,0.0,0.18586380779743195,-0.03553340211510658,-0.9819328188896179,0.5833333333333334,0.5833333333333334,2.779627799987793,1.418810889745752,-2.780071496963501,1.7105299641814826,True,True,True,True,0.10324270650744438,0.009045589404801527,0.16666666666666666,0.5800000476837158,0.2705831805678705
0.002566733235877574,0.5833333333333334,0.0,0.0,0.0,0.0,0.008368894457817078,0.005141600214058448,0.5756698670142598,0.27040100086385555,0.0,2386.212427421,1.0,0.0,1,False,0.0,0.0,4,False,0.0,0.0,545,0.0,0.18665963411331177,-0.03568650037050247,-0.9817762970924377,0.5833333333333334,0.5833333333333334,2.782595634460449,1.4197156044344108,-2.781750440597534,1.7123458960821276,True,True,True,True,0.10324270650744438,0.009009703683356443,0.16666666666666666,0.5800000476837158,0.2707715751727422
0.002454461962842486,0.5833333333333334,0.0,0.0,0.0,0.0,0.008368894457817078,0.005141600214058448,0.5756698670142598,0.27088648379995967,0.0,2386.23246611,1.0,0.0,1,False,0.0,0.0,4,False,0.0,0.0,546,0.0,0.18441949784755707,-0.03565186262130737,-0.9822008013725281,0.5833333333333334,0.5833333333333334,2.7756686210632324,1.4205730818212032,-2.7761049270629883,1.7107577847188908,True,True,True,True,0.10324270650744438,0.008999630498389402,0.16666666666666666,0.5800000476837158,0.2712570581088463
0.0029829553356239195,0.5833333333333334,0.0,0.0,0.0,0.0,0.008368894457817078,0.005141600214058448,0.5756698670142598,0.27219547971988267,0.0,2386.252508006,1.0,0.0,1,False,0.0,0.0,4,False,0.0,0.0,547,0.0,0.18517407774925232,-0.03679032251238823,-0.9820168018341064,0.5833333333333334,0.5833333333333334,2.7770016193389893,1.4234711974859238,-2.7748453617095947,1.7116710023378932,True,True,True,True,0.10324270650744438,0.009031674824655056,0.16666666666666666,0.5800000476837158,0.2725660540287693
0.002568286495432192,0.5833333333333334,0.0,0.0,0.0,0.0,0.008368894457817078,0.005141600214058448,0.5756698670142598,0.2731214301930571,0.0,2386.271314491,1.0,0.0,1,False,0.0,0.0,4,False,0.0,0.0,547,0.0,0.18594194948673248,-0.03720854967832565,-0.9818559288978577,0.5833333333333334,0.5833333333333334,2.777475357055664,1.4262571210662525,-2.7740654945373535,1.7136554121211005,True,True,True,True,0.10324270650744438,0.009018469291428724,0.16666666666666666,0.5800000476837158,0.2734920045019438
0.00253262634540486,0.5833333333333334,0.0,0.0,0.0,0.0,0.008368894457817078,0.005141600214058448,0.5756698670142598,0.27057595819140023,0.0,2386.292451225,1.0,0.0,1,False,0.0,0.0,4,False,0.0,0.0,549,0.0,0.1868516057729721,-0.03437400609254837,-0.9817866086959839,0.5833333333333334,0.5833333333333334,2.781140089035034,1.4238145605971415,-2.7855212688446045,1.716289442720796,True,True,True,True,0.10324270650744438,0.008909415764113268,0.16666666666666666,0.5800000476837158,0.2709465325002869
0.0038836432567331985,0.5833333333333334,0.0,0.0,0.0,0.0,0.008368894457817078,0.005141600214058448,0.5756698670142598,0.2714990248242224,0.0,2386.312341174,1.0,0.0,1,False,0.0,0.0,4,False,0.0,0.0,550,0.0,0.1866886019706726,-0.0363294780254364,-0.9817472100257874,0.5833333333333334,0.5833333333333334,2.781571626663208,1.421569734190901,-2.779336929321289,1.7120653550783655,True,True,True,True,0.10324270650744438,0.009057635130981604,0.16666666666666666,0.5800000476837158,0.27186959913310904
0.0029538609671466405,0.5833333333333334,0.0,0.0,0.0,0.0,0.008368894457817078,0.005141600214058448,0.5756698670142598,0.27155991795377976,0.0,2386.331107412,1.0,0.0,1,False,0.0,0.0,4,False,0.0,0.0,550,0.0,0.186470627784729,-0.03607233986258507,-0.9817981123924255,0.5833333333333334,0.5833333333333334,2.7799606323242188,1.42305212157468,-2.7783055305480957,1.713482688805672,True,True,True,True,0.10324270650744438,0.009014567049841085,0.16666666666666666,0.5800000476837158,0.2719304922626664
0.0013479835826407467,0.5833333333333334,0.0,0.0,0.0,0.0,0.008368894457817078,0.005141600214058448,0.5756698670142598,0.27082773441974867,0.0,2386.352370429,1.0,0.0,1,False,0.0,0.0,4,False,0.0,0.0,552,0.0,0.1873382180929184,-0.03539568930864334,-0.9816575646400452,0.5833333333333334,0.5833333333333334,2.7855842113494873,1.4229880459606647,-2.78468656539917,1.7158043472907778,True,True,True,True,0.10324270650744438,0.00890636599312226,0.16666666666666666,0.5800000476837158,0.2711983087286353
0.0027118566192579152,0.5833333333333334,0.0,0.0,0.0,0.0,0.008368894457817078,0.005141600214058448,0.5756698670142598,0.27045567625107414,0.0,2386.372594896,1.0,0.0,1,False,0.0,0.0,4,False,0.0,0.0,553,0.0,0.18621772527694702,-0.035037796944379807,-0.9818835258483887,0.5833333333333334,0.5833333333333334,2.7823421955108643,1.4212639052420855,-2.7831788063049316,1.7135974456016037,True,True,True,True,0.10324270650744438,0.008951967892547449,0.16666666666666666,0.5800000476837158,0.2708262505599608
0.002533316965278722,0.5833333333333334,0.0,0.0,0.0,0.0,0.008368894457817078,0.005141600214058448,0.5756698670142598,0.2694785974103167,0.0,2386.391134234,1.0,0.0,1,False,0.0,0.0,4,False,0.0,0.0,553,0.0,0.18729852139949799,-0.03451356291770935,-0.9816965460777283,0.5833333333333334,0.5833333333333334,2.7869713306427,1.41941060560445,-2.787782907485962,1.714325518717268,True,True,True,True,0.10324270650744438,0.008921185818811258,0.16666666666666666,0.5800000476837158,0.26984917171920336
0.003135965047965703,0.5833333333333334,0.0,0.0,0.0,0.0,0.008368894457817078,0.005141600214058448,0.5756698670142598,0.26888122926060903,0.0,2386.412468706,1.0,0.0,1,False,0.0,0.0,4,False,0.0,0.0,555,0.0,0.18686355650424957,-0.034332577139139175,-0.981785774230957,0.5833333333333334,0.5833333333333334,2.785994529724121,1.4170960461099942,-2.7868075370788574,1.712256399512522,True,True,True,True,0.10324270650744438,0.008962177050610384,0.16666666666666666,0.5800000476837158,0.2692518035694957
0.003041002299525809,0.5833333333333334,0.0,0.0,0.0,0.0,0.008368894457817078,0.005141600214058448,0.5756698670142598,0.26769169550177746,0.0,2386.432247831,1.0,0.0,1,False,0.0,0.0,4,False,0.0,0.0,556,0.0,0.1869259774684906,-0.03332570195198059,-0.9818085432052612,0.5833333333333334,0.5833333333333334,2.7879176139831543,1.4141513059536617,-2.7905054092407227,1.7117868790469954,True,True,True,True,0.10324270650744438,0.008924734157820543,0.16666666666666666,0.5800000476837158,0.2678564058857349
0.0023101479937704043,0.5833333333333334,0.0,0.0,0.0,0.0,0.008368894457817078,0.005141600214058448,0.5756698670142598,0.26964130885493803,0.0,2386.45253967,1.0,0.0,1,False,0.0,0.0,4,False,0.0,0.0,557,0.0,0.18611843883991241,-0.035931479185819626,-0.9818700551986694,0.5833333333333334,0.5833333333333334,2.7856314182281494,1.415851435624063,-2.781348466873169,1.7094598622149126,True,True,True,True,0.10324270650744438,0.009018856721619764,0.16666666666666666,0.5800000476837158,0.2700118831638247
0.002300289050751608,0.5833333333333334,0.0,0.0,0.0,0.0,0.008368894457817078,0.005141600214058448,0.5756698670142598,0.2728310682615096,0.0,2386.47243137,1.0,0.0,1,False,0.0,0.0,4,False,0.0,0.0,558,0.0,0.18616528809070587,-0.03794102370738983,-0.9817855954170227,0.5833333333333334,0.5833333333333334,2.7818186283111572,1.424037728458643,-2.7737090587615967,1.712414931928434,True,True,True,True,0.10324270650744438,0.009052486158907413,0.16666666666666666,0.5800000476837158,0.27320164257039625
0.0036817262669829967,0.5833333333333334,0.0,0.0,0.0,0.0,0.008368894457817078,0.005141600214058448,0.5756698670142598,0.2729090439425612,0.0,2386.492406773,1.0,0.0,1,False,0.0,0.0,4,False,0.0,0.0,559,0.0,0.1857966035604477,-0.036459729075431824,-0.9819115400314331,0.5833333333333334,0.5833333333333334,2.775770425796509,1.4273987356573343,-2.7757346630096436,1.715062310616449,True,True,True,True,0.10324270650744438,0.009023413372536501,0.16666666666666666,0.5800000476837158,0.27327961825144786
0.0029783117185758524,0.5833333333333334,0.0,0.0,0.0,0.0,0.008368894457817078,0.005141600214058448,0.5756698670142598,0.26996729007206405,0.0,2386.511121391,1.0,0.0,1,False,0.0,0.0,4,False,0.0,0.0,559,0.0,0.18735139071941376,-0.03395816683769226,-0.9817057847976685,0.5833333333333334,0.5833333333333334,2.783308267593384,1.4224265130857627,-2.7881569862365723,1.71637327226385,True,True,True,True,0.10324270650744438,0.008899485381941,0.16666666666666666,0.5800000476837158,0.2703378643809507
0.0018589073417329507,0.5833333333333334,0.0,0.0,0.0,0.0,0.008368894457817078,0.005141600214058448,0.5756698670142598,0.2698438630554035,0.0,2386.532679555,1.0,0.0,1,False,0.0,0.0,4,False,0.0,0.0,561,0.0,0.18586251139640808,-0.035037994384765625,-0.9819508790969849,0.5833333333333334,0.5833333333333334,2.7819156646728516,1.4182124317934115,-2.782121181488037,1.7112949171378327,True,True,True,True,0.10324270650744438,0.008963415709634623,0.16666666666666666,0.5800000476837158,0.2702144373642901
0.0024354725989669986,0.5833333333333334,0.0,0.0,0.0,0.0,0.008368894457817078,0.005141600214058448,0.5756698670142598,0.27059948246831245,0.0,2386.552349896,1.0,0.0,1,False,0.0,0.0,4,False,0.0,0.0,562,0.0,0.18468616902828217,-0.0356036052107811,-0.9821524620056152,0.5833333333333334,0.5833333333333334,2.777801752090454,1.4197657983750105,-2.7778706550598145,1.7106701060684901,True,True,True,True,0.10324270650744438,0.008995812696715197,0.16666666666666666,0.5800000476837158,0.2709700567771991
0.003754710166316267,0.5833333333333334,0.0,0.0,0.0,0.0,0.008368894457817078,0.005141600214058448,0.5756698670142598,0.2704959202517276,0.0,2386.571212962,1.0,0.0,1,False,0.0,0.0,4,False,0.0,0.0,562,0.0,0.18613693118095398,-0.035385943949222565,-0.9818863868713379,0.5833333333333334,0.5833333333333334,2.779881238937378,1.4205743527660768,-2.7819507122039795,1.712431583730139,True,True,True,True,0.10324270650744438,0.009036432020366192,0.16666666666666666,0.5800000476837158,0.27086649456061423
0.00318784992479734,0.5833333333333334,0.0,0.0,0.0,0.0,0.008368894457817078,0.005141600214058448,0.5756698670142598,0.2694552373566185,0.0,2386.592661468,1.0,0.0,1,False,0.0,0.0,4,False,0.0,0.0,564,0.0,0.18532557785511017,-0.034544624388217926,-0.9820697903633118,0.5833333333333334,0.5833333333333334,2.777768135070801,1.4177706235398848,-2.780665874481201,1.7104108352718173,True,True,True,True,0.10324270650744438,0.009002783335745335,0.16666666666666666,0.5800000476837158,0.2698258116655052
0.00412869772243806,0.5833333333333334,0.0,0.0,0.0,0.0,0.008368894457817078,0.005141600214058448,0.5756698670142598,0.27035268935900975,0.0,2386.612477632,1.0,0.0,1,False,0.0,0.0,4,False,0.0,0.0,565,0.0,0.18477624654769897,-0.03568088635802269,-0.9821326732635498,0.5833333333333334,0.5833333333333334,2.776524305343628,1.418037896975875,-2.7770235538482666,1.7085676464322284,True,True,True,True,0.10324270650744438,0.009076639078557491,0.16666666666666666,0.5800000476837158,0.2707232636678964
0.0028722908518051,0.5833333333333334,0.0,0.0,0.0,0.0,0.008368894457817078,0.005141600214058448,0.5756698670142598,0.27138252040586913,0.0,2386.632367874,1.0,0.0,1,False,0.0,0.0,4,False,0.0,0.0,566,0.0,0.1863093376159668,-0.03654448315501213,-0.9818112254142761,0.5833333333333334,0.5833333333333334,2.780933141708374,1.421322253222267,-2.777831554412842,1.7117800342015714,True,True,True,True,0.10324270650744438,0.009035997403164705,0.16666666666666666,0.5800000476837158,0.2717530947147558
0.0031282591232217757,0.5833333333333334,0.0,0.0,0.0,0.0,0.008368894457817078,0.005141600214058448,0.5756698670142598,0.271553619186377,0.0,2386.652359317,1.0,0.0,1,False,0.0,0.0,4,False,0.0,0.0,567,0.0,0.1845823973417282,-0.03588743135333061,-0.9821616411209106,0.5833333333333334,0.5833333333333334,2.773446559906006,1.4224714301526546,-2.7747833728790283,1.7112692358563164,True,True,True,True,0.10324270650744438,0.009039772984882196,0.16666666666666666,0.5800000476837158,0.27192419349526364
0.0036765387763993992,0.5833333333333334,0.0,0.0,0.0,0.0,0.008368894457817078,0.005141600214058448,0.5756698670142598,0.26870078434762407,0.0,2386.671193218,1.0,0.0,1,False,0.0,0.0,4,False,0.0,0.0,567,0.0,0.18411876261234283,-0.03312254697084427,-0.9823457598686218,0.5833333333333334,0.5833333333333334,2.7727129459381104,1.4174549219508965,-2.782722234725952,1.7102342126641157,True,True,True,True,0.10324270650744438,0.00897822684297959,0.16666666666666666,0.5800000476837158,0.2690713586565107
0.0045403791422719605,0.5833333333333334,0.0,0.0,0.0,0.0,0.008368894457817078,0.005141600214058448,0.5756698670142598,0.2695983486131906,0.0,2386.692329954,1.0,0.0,1,False,0.0,0.0,4,False,0.0,0.0,569,0.0,0.1860625147819519,-0.03556419163942337,-0.9818940758705139,0.5833333333333334,0.5833333333333334,2.7809441089630127,1.4154545723771055,-2.781384229660034,1.7083355913512988,True,True,True,True,0.10324270650744438,0.009107347888251146,0.16666666666666666,0.5800000476837158,0.26996892292207725
0.0027797393326517384,0.5833333333333334,0.0,0.0,0.0,0.0,0.008368894457817078,0.005141600214058448,0.5756698670142598,0.2710448742182756,0.0,2386.711204977,1.0,0.0,1,False,0.0,0.0,4,False,0.0,0.0,569,0.0,0.1859903186559677,-0.036597345024347305,-0.9818697571754456,0.5833333333333334,0.5833333333333334,2.7799031734466553,1.4195802261432011,-2.775768280029297,1.7104064754256287,True,True,True,True,0.10324270650744438,0.009069061217208704,0.16666666666666666,0.5800000476837158,0.27141544852716226
0.003808435664284674,0.5833333333333334,0.0,0.0,0.0,0.0,0.008368894457817078,0.005141600214058448,0.5756698670142598,0.2719498960105533,0.0,2386.732301466,1.0,0.0,1,False,0.0,0.0,4,False,0.0,0.0,571,0.0,0.1839502602815628,-0.036300331354141235,-0.982265055179596,0.5833333333333334,0.5833333333333334,2.77191162109375,1.422923618927598,-2.771698474884033,1.7102596648063553,True,True,True,True,0.10324270650744438,0.00905547384172678,0.16666666666666666,0.5800000476837158,0.27232047031943996
0.003699135190368016,0.5833333333333334,0.0,0.0,0.0,0.0,0.008368894457817078,0.005141600214058448,0.5756698670142598,0.2723646412718251,0.0,2386.752329365,1.0,0.0,1,False,0.0,0.0,4,False,0.0,0.0,572,0.0,0.18419809639453888,-0.03637499362230301,-0.9822158217430115,0.5833333333333334,0.5833333333333334,2.7722363471984863,1.4240933768451214,-2.772646188735962,1.7109940988206374,True,True,True,True,0.10324270650744438,0.009027758923669657,0.16666666666666666,0.5800000476837158,0.27273521558071173
0.003740469678707478,0.5833333333333334,0.0,0.0,0.0,0.0,0.008368894457817078,0.005141600214058448,0.5756698670142598,0.27299798998266006,0.0,2386.771180765,1.0,0.0,1,False,0.0,0.0,4,False,0.0,0.0,572,0.0,0.1850857138633728,-0.03683633729815483,-0.9820317625999451,0.5833333333333334,0.5833333333333334,2.7746336460113525,1.4257510198901098,-2.7734339237213135,1.7126434261116774,True,True,True,True,0.10324270650744438,0.0090275335436066,0.16666666666666666,0.5800000476837158,0.2733685642915467
0.00339860749502431,0.5833333333333334,0.0,0.0,0.0,0.0,0.008368894457817078,0.005141600214058448,0.5756698670142598,0.2729981038368448,0.0,2386.792408495,1.0,0.0,1,False,0.0,0.0,4,False,0.0,0.0,574,0.0,0.18513044714927673,-0.03659922629594803,-0.9820321798324585,0.5833333333333334,0.5833333333333334,2.773094654083252,1.4263493704299133,-2.77303409576416,1.7130581131874298,True,True,True,True,0.10324270650744438,0.009035745325187841,0.16666666666666666,0.5800000476837158,0.27336867814573146
0.0027360249472579063,0.5833333333333334,0.0,0.0,0.0,0.0,0.008368894457817078,0.005141600214058448,0.5756698670142598,0.27138420959218884,0.0,2386.812436102,1.0,0.0,1,False,0.0,0.0,4,False,0.0,0.0,575,0.0,0.18537691235542297,-0.035265371203422546,-0.9820345044136047,0.5833333333333334,0.5833333333333334,2.774489402770996,1.4235853801170986,-2.778642416000366,1.7134408863859034,True,True,True,True,0.10324270650744438,0.008978206353882948,0.16666666666666666,0.5800000476837158,0.2717547839010755
0.004327718302412977,0.5833333333333334,0.0,0.0,0.0,0.0,0.008368894457817078,0.005141600214058448,0.5756698670142598,0.2708482218865757,0.0,2386.831034645,1.0,0.0,1,False,0.0,0.0,4,False,0.0,0.0,575,0.0,0.18535856902599335,-0.03526128828525543,-0.982038140296936,0.5833333333333334,0.5833333333333334,2.7762577533721924,1.4210413489490747,-2.779294967651367,1.7115454116893103,True,True,True,True,0.10324270650744438,0.00903868085394303,0.16666666666666666,0.5800000476837158,0.27121879619546235
0.00397417879087878,0.5833333333333334,0.0,0.0,0.0,0.0,0.008368894457817078,0.005141600214058448,0.5756698670142598,0.2702048173754617,0.0,2386.853203224,1.0,0.0,1,False,0.0,0.0,4,False,0.0,0.0,576,0.0,0.18439093232154846,-0.03504488244652748,-0.9822279810905457,0.5833333333333334,0.5833333333333334,2.7727627754211426,1.4185972375174363,-2.7761852741241455,1.7089246744633833,True,True,True,True,0.10324270650744438,0.009059305302798748,0.16666666666666666,0.5800000476837158,0.27057539168434835
0.002499057863486809,0.5833333333333334,0.0,0.0,0.0,0.0,0.008368894457817078,0.005141600214058448,0.5756698670142598,0.27160594189755166,0.0,2386.872873565,1.0,0.0,1,False,0.0,0.0,4,False,0.0,0.0,578,0.0,0.1847793310880661,-0.03663615509867668,-0.9820969104766846,0.5833333333333334,0.5833333333333334,2.7766847610473633,1.4209048661092918,-2.774296522140503,1.7099567741706816,True,True,True,True,0.10324270650744438,0.00903096329420805,0.16666666666666666,0.5800000476837158,0.2719765162064383
0.00239961981522707,0.5833333333333334,0.0,0.0,0.0,0.0,0.008368894457817078,0.005141600214058448,0.5756698670142598,0.2704919967449411,0.0,2386.892494618,1.0,0.0,1,False,0.0,0.0,4,False,0.0,0.0,579,0.0,0.18555888533592224,-0.03481104597449303,-0.9820163249969482,0.5833333333333334,0.5833333333333334,2.7806074619293213,1.4222992608944576,-2.7823216915130615,1.714026222539659,True,True,True,True,0.10324270650744438,0.008892735155920187,0.16666666666666666,0.5800000476837158,0.27086257105382777
0.002172557035785068,0.5833333333333334,0.0,0.0,0.0,0.0,0.008368894457817078,0.005141600214058448,0.5756698670142598,0.2713269214570974,0.0,2386.912441148,1.0,0.0,1,False,0.0,0.0,4,False,0.0,0.0,580,0.0,0.18592745065689087,-0.036293450742959976,-0.9818929433822632,0.5833333333333334,0.5833333333333334,2.780697822570801,1.4215567062298458,-2.7796428203582764,1.712386739495942,True,True,True,True,0.10324270650744438,0.008985748204092184,0.16666666666666666,0.5800000476837158,0.27169749576598407
0.0035847599067081546,0.5833333333333334,0.0,0.0,0.0,0.0,0.008368894457817078,0.005141600214058448,0.5756698670142598,0.27145693952122874,0.0,2386.931024234,1.0,0.0,1,False,0.0,0.0,4,False,0.0,0.0,580,0.0,0.18677900731563568,-0.03602185472846031,-0.9817413091659546,0.5833333333333334,0.5833333333333334,2.7808845043182373,1.423114376142621,-2.7804269790649414,1.7140050493468044,True,True,True,True,0.10324270650744438,0.009030891271928946,0.16666666666666666,0.5800000476837158,0.2718275138301154
0.0038938784591065357,0.5833333333333334,0.0,0.0,0.0,0.0,0.008368894457817078,0.005141600214058448,0.5756698670142598,0.27094562146407414,0.0,2386.952366872,1.0,0.0,1,False,0.0,0.0,4,False,0.0,0.0,582,0.0,0.18721775710582733,-0.03554128110408783,-0.9816752672195435,0.5833333333333334,0.5833333333333334,2.7820377349853516,1.4221636019647121,-2.782162666320801,1.7140820383125421,True,True,True,True,0.10324270650744438,0.009025338105857372,0.16666666666666666,0.5800000476837158,0.2713161957729608
0.003489341609566147,0.5833333333333334,0.0,0.0,0.0,0.0,0.008368894457817078,0.005141600214058448,0.5756698670142598,0.2695620529545923,0.0,2386.972318943,1.0,0.0,1,False,0.0,0.0,4,False,0.0,0.0,583,0.0,0.18723757565021515,-0.03442477807402611,-0.9817112684249878,0.5833333333333334,0.5833333333333334,2.7846179008483887,1.419583514953653,-2.786158561706543,1.7138940307492712,True,True,True,True,0.10324270650744438,0.008961809488634268,0.16666666666666666,0.5800000476837158,0.26993262726347894
0.0030476407412743387,0.5833333333333334,0.0,0.0,0.0,0.0,0.008368894457817078,0.005141600214058448,0.5756698670142598,0.27026117251935894,0.0,2386.991085182,1.0,0.0,1,False,0.0,0.0,4,False,0.0,0.0,583,0.0,0.18773376941680908,-0.035794418305158615,-0.9815675020217896,0.5833333333333334,0.5833333333333334,2.787047863006592,1.4192722411826253,-2.784456729888916,1.7130260308706382,True,True,True,True,0.10324270650744438,0.009018613956868649,0.16666666666666666,0.5800000476837158,0.2706317468282456
0.003699984857225611,0.5833333333333334,0.0,0.0,0.0,0.0,0.008368894457817078,0.005141600214058448,0.5756698670142598,0.27085600712241775,0.0,2387.012399822,1.0,0.0,1,False,0.0,0.0,4,False,0.0,0.0,585,0.0,0.18710455298423767,-0.03589504212141037,-0.9816839694976807,0.5833333333333334,0.5833333333333334,2.7834296226501465,1.4211789971838396,-2.781292676925659,1.7133886918252201,True,True,True,True,0.10324270650744438,0.009037112506727377,0.16666666666666666,0.5800000476837158,0.2712265814313044
0.0025816999691142834,0.5833333333333334,0.0,0.0,0.0,0.0,0.008368894457817078,0.005141600214058448,0.5756698670142598,0.27173501234096337,0.0,2387.032342269,1.0,0.0,1,False,0.0,0.0,4,False,0.0,0.0,586,0.0,0.1864851862192154,-0.036466486752033234,-0.9817807674407959,0.5833333333333334,0.5833333333333334,2.7811670303344727,1.4230796694755554,-2.7781078815460205,1.713416639675289,True,True,True,True,0.10324270650744438,0.009015707609554132,0.16666666666666666,0.5800000476837158,0.27210558664985
0.003588804545363048,0.5833333333333334,0.0,0.0,0.0,0.0,0.008368894457817078,0.005141600214058448,0.5756698670142598,0.27194289067975724,0.0,2387.052354419,1.0,0.0,1,False,0.0,0.0,4,False,0.0,0.0,587,0.0,0.18624401092529297,-0.03620065003633499,-0.9818363785743713,0.5833333333333334,0.5833333333333334,2.7784247398376465,1.4242440996070702,-2.7784276008605957,1.713959230722146,True,True,True,True,0.10324270650744438,0.009033986367285252,0.16666666666666666,0.5800000476837158,0.2723134649886439
0.0031702116217965895,0.5833333333333334,0.0,0.0,0.0,0.0,0.008368894457817078,0.005141600214058448,0.5756698670142598,0.2708624642922684,0.0,2387.071211068,1.0,0.0,1,False,0.0,0.0,4,False,0.0,0.0,587,0.0,0.187482088804245,-0.0352269783616066,-0.9816361665725708,0.5833333333333334,0.5833333333333334,2.7848119735717773,1.4231647762159507,-2.7842910289764404,1.7155764864893626,True,True,True,True,0.10324270650744438,0.008937439881265163,0.16666666666666666,0.5800000476837158,0.27123303860115505
0.0033466778197632067,0.5833333333333334,0.0,0.0,0.0,0.0,0.008368894457817078,0.005141600214058448,0.5756698670142598,0.27293816112197483,0.0,2387.092474087,1.0,0.0,1,False,0.0,0.0,4,False,0.0,0.0,589,0.0,0.18594056367874146,-0.03744976595044136,-0.9818470478057861,0.5833333333333334,0.5833333333333334,2.778312921524048,1.4243049050370853,-2.773360252380371,1.7119415113330745,True,True,True,True,0.10324270650744438,0.009078253991901875,0.16666666666666666,0.5800000476837158,0.2733087354308615
